HireID,EmployeeID,HireDate,DepartmentKey,JobKey,LocationKey,RequisitionID,SourceChannel,TimeToFillDays
1,E100641,2021-02-28,1,1001,5,R500001,Company Website,27
2,E100642,2021-02-09,2,1008,1,R500002,Recruiting Agency,46
3,E100643,2021-02-21,3,1018,5,R500003,Recruiting Agency,35
4,E100644,2021-02-02,4,1021,1,R500004,Job Board,32
5,E100645,2021-02-16,5,1027,1,R500005,Career Fair,34
6,E100646,2021-02-24,7,1037,2,R500006,University Recruiting,49
7,E100647,2021-02-14,9,1048,3,R500007,LinkedIn,33
8,E100648,2021-03-15,3,1013,2,R500008,Company Website,42
9,E100649,2021-03-01,5,1024,1,R500009,Career Fair,48
10,E100650,2021-03-14,5,1026,1,R500010,LinkedIn,30
11,E100651,2021-03-03,8,1041,3,R500011,Career Fair,46
12,E100652,2021-03-07,10,1049,6,R500012,University Recruiting,39
13,E100653,2021-04-06,1,1003,3,R500013,Career Fair,43
14,E100654,2021-04-24,1,1001,3,R500014,Employee Referral,34
15,E100655,2021-04-19,3,1014,4,R500015,Employee Referral,13
16,E100656,2021-04-25,3,1013,3,R500016,Career Fair,28
17,E100657,2021-04-24,5,1028,6,R500017,Career Fair,29
18,E100658,2021-04-24,8,1041,2,R500018,University Recruiting,10
19,E100659,2021-04-06,10,1049,1,R500019,Job Board,28
20,E100660,2021-05-23,1,1006,4,R500020,Career Fair,34
21,E100661,2021-05-23,1,1007,1,R500021,Company Website,19
22,E100662,2021-05-03,3,1013,6,R500022,Job Board,25
23,E100663,2021-05-26,3,1015,1,R500023,Job Board,24
24,E100664,2021-05-02,5,1025,3,R500024,LinkedIn,34
25,E100665,2021-05-21,5,1025,3,R500025,LinkedIn,38
26,E100666,2021-05-25,10,1049,2,R500026,Company Website,42
27,E100667,2021-06-28,1,1001,1,R500027,Job Board,37
28,E100668,2021-06-21,3,1013,1,R500028,LinkedIn,56
29,E100669,2021-06-16,3,1014,1,R500029,Career Fair,19
30,E100670,2021-06-12,3,1016,1,R500030,LinkedIn,48
31,E100671,2021-06-01,3,1014,2,R500031,LinkedIn,42
32,E100672,2021-06-14,4,1020,1,R500032,Employee Referral,37
33,E100673,2021-06-05,5,1025,5,R500033,LinkedIn,41
34,E100674,2021-06-02,5,1024,2,R500034,Career Fair,38
35,E100675,2021-07-18,1,1000,1,R500035,Employee Referral,13
36,E100676,2021-07-20,2,1010,3,R500036,LinkedIn,44
37,E100677,2021-07-19,3,1013,5,R500037,University Recruiting,42
38,E100678,2021-07-04,3,1013,1,R500038,Company Website,38
39,E100679,2021-07-26,5,1028,2,R500039,Company Website,22
40,E100680,2021-07-20,5,1026,5,R500040,Job Board,47
41,E100681,2021-07-11,10,1052,3,R500041,Career Fair,25
42,E100682,2021-08-08,1,1004,1,R500042,University Recruiting,42
43,E100683,2021-08-08,1,1003,4,R500043,Employee Referral,34
44,E100684,2021-08-14,2,1010,6,R500044,Career Fair,47
45,E100685,2021-08-04,2,1010,5,R500045,Recruiting Agency,52
46,E100686,2021-08-25,2,1011,5,R500046,LinkedIn,33
47,E100687,2021-08-06,3,1013,5,R500047,LinkedIn,36
48,E100688,2021-08-27,3,1013,5,R500048,Career Fair,39
49,E100689,2021-08-01,5,1026,1,R500049,Career Fair,34
50,E100690,2021-08-16,5,1028,3,R500050,Employee Referral,47
51,E100691,2021-09-07,1,1001,1,R500051,Job Board,42
52,E100692,2021-09-26,1,1005,3,R500052,LinkedIn,44
53,E100693,2021-09-21,1,1000,3,R500053,Career Fair,13
54,E100694,2021-09-01,1,1002,2,R500054,Job Board,21
55,E100695,2021-09-01,2,1011,2,R500055,Employee Referral,61
56,E100696,2021-09-15,3,1017,3,R500056,Career Fair,18
57,E100697,2021-09-08,4,1020,5,R500057,LinkedIn,28
58,E100698,2021-09-23,4,1023,1,R500058,Employee Referral,21
59,E100699,2021-09-08,5,1028,1,R500059,Employee Referral,50
60,E100700,2021-09-18,5,1027,1,R500060,Employee Referral,35
61,E100701,2021-09-17,5,1028,5,R500061,Company Website,19
62,E100702,2021-09-15,6,1031,1,R500062,Company Website,30
63,E100703,2021-09-01,7,1035,4,R500063,University Recruiting,49
64,E100704,2021-09-14,7,1038,2,R500064,Recruiting Agency,60
65,E100705,2021-09-04,10,1053,1,R500065,Career Fair,35
66,E100706,2021-10-20,3,1014,3,R500066,LinkedIn,32
67,E100707,2021-10-16,5,1025,2,R500067,Job Board,12
68,E100708,2021-10-01,5,1024,1,R500068,LinkedIn,17
69,E100709,2021-10-26,7,1037,1,R500069,Company Website,14
70,E100710,2021-11-04,1,1007,3,R500070,Company Website,40
71,E100711,2021-11-07,3,1016,2,R500071,Employee Referral,27
72,E100712,2021-11-28,3,1013,5,R500072,University Recruiting,17
73,E100713,2021-11-16,5,1028,3,R500073,Recruiting Agency,28
74,E100714,2021-11-28,5,1024,2,R500074,Employee Referral,19
75,E100715,2021-11-16,5,1025,4,R500075,LinkedIn,10
76,E100716,2021-11-06,5,1026,3,R500076,Employee Referral,43
77,E100717,2021-11-04,5,1026,1,R500077,LinkedIn,13
78,E100718,2021-12-25,1,1006,1,R500078,Employee Referral,55
79,E100719,2021-12-01,2,1009,6,R500079,LinkedIn,29
80,E100720,2021-12-13,3,1017,5,R500080,Company Website,24
81,E100721,2021-12-24,3,1013,1,R500081,Company Website,10
82,E100722,2021-12-27,3,1013,5,R500082,Employee Referral,33
83,E100723,2021-12-03,5,1025,6,R500083,LinkedIn,18
84,E100724,2021-12-14,5,1024,1,R500084,Company Website,36
85,E100725,2021-12-14,5,1026,4,R500085,Job Board,10
86,E100726,2021-12-20,5,1028,2,R500086,Job Board,22
87,E100727,2021-12-18,6,1031,3,R500087,University Recruiting,35
88,E100728,2021-12-03,6,1032,1,R500088,Recruiting Agency,32
89,E100729,2021-12-27,7,1034,4,R500089,LinkedIn,30
90,E100730,2021-12-02,10,1050,6,R500090,University Recruiting,55
91,E100731,2022-01-07,1,1000,1,R500091,LinkedIn,11
92,E100732,2022-01-20,1,1007,6,R500092,LinkedIn,49
93,E100733,2022-01-08,2,1009,2,R500093,Employee Referral,27
94,E100734,2022-01-07,2,1008,6,R500094,Career Fair,21
95,E100735,2022-01-15,2,1012,1,R500095,Company Website,46
96,E100736,2022-01-17,3,1014,3,R500096,Job Board,33
97,E100737,2022-01-06,3,1017,1,R500097,Job Board,50
98,E100738,2022-01-13,3,1013,1,R500098,Recruiting Agency,45
99,E100739,2022-01-10,3,1016,5,R500099,University Recruiting,34
100,E100740,2022-01-14,3,1018,1,R500100,Company Website,10
101,E100741,2022-01-26,4,1019,4,R500101,Job Board,48
102,E100742,2022-01-05,4,1020,4,R500102,Recruiting Agency,28
103,E100743,2022-01-17,4,1019,4,R500103,Employee Referral,29
104,E100744,2022-01-16,4,1021,4,R500104,Company Website,16
105,E100745,2022-01-12,5,1026,2,R500105,Employee Referral,28
106,E100746,2022-01-12,5,1028,4,R500106,Recruiting Agency,44
107,E100747,2022-01-14,5,1025,5,R500107,Job Board,45
108,E100748,2022-01-12,5,1025,1,R500108,Company Website,42
109,E100749,2022-01-14,5,1025,2,R500109,LinkedIn,54
110,E100750,2022-01-23,6,1029,2,R500110,Employee Referral,23
111,E100751,2022-01-15,10,1049,5,R500111,Employee Referral,25
112,E100752,2022-01-18,10,1052,2,R500112,Employee Referral,26
113,E100753,2022-01-25,10,1049,1,R500113,Career Fair,51
114,E100754,2022-02-06,1,1000,5,R500114,University Recruiting,46
115,E100755,2022-02-05,1,1007,1,R500115,LinkedIn,66
116,E100756,2022-02-07,1,1003,1,R500116,Job Board,40
117,E100757,2022-02-28,3,1016,2,R500117,LinkedIn,52
118,E100758,2022-02-07,3,1016,2,R500118,Recruiting Agency,33
119,E100759,2022-02-02,3,1015,4,R500119,Career Fair,42
120,E100760,2022-02-14,5,1025,3,R500120,Recruiting Agency,38
121,E100761,2022-02-08,5,1026,4,R500121,Recruiting Agency,40
122,E100762,2022-03-03,3,1018,4,R500122,Employee Referral,29
123,E100763,2022-03-15,3,1013,1,R500123,Employee Referral,36
124,E100764,2022-03-28,3,1016,2,R500124,Company Website,49
125,E100765,2022-03-20,3,1016,2,R500125,Career Fair,34
126,E100766,2022-03-04,5,1027,1,R500126,LinkedIn,17
127,E100767,2022-04-23,1,1000,2,R500127,Job Board,23
128,E100768,2022-04-13,2,1008,1,R500128,LinkedIn,49
129,E100769,2022-04-28,3,1016,5,R500129,Job Board,10
130,E100770,2022-04-11,3,1013,4,R500130,Job Board,47
131,E100771,2022-04-24,5,1024,1,R500131,University Recruiting,25
132,E100772,2022-04-13,5,1028,5,R500132,Recruiting Agency,28
133,E100773,2022-05-19,1,1004,2,R500133,Employee Referral,31
134,E100774,2022-05-10,1,1000,1,R500134,Company Website,58
135,E100775,2022-05-20,3,1018,1,R500135,Employee Referral,22
136,E100776,2022-05-23,5,1026,1,R500136,LinkedIn,33
137,E100777,2022-05-08,7,1034,2,R500137,Company Website,32
138,E100778,2022-05-24,8,1042,3,R500138,LinkedIn,36
139,E100779,2022-05-18,9,1045,1,R500139,Career Fair,33
140,E100780,2022-06-05,1,1005,4,R500140,LinkedIn,24
141,E100781,2022-06-18,3,1018,5,R500141,LinkedIn,32
142,E100782,2022-06-20,3,1018,5,R500142,Employee Referral,61
143,E100783,2022-06-24,3,1014,3,R500143,Job Board,49
144,E100784,2022-06-08,3,1013,5,R500144,Career Fair,30
145,E100785,2022-06-14,5,1027,1,R500145,Job Board,38
146,E100786,2022-06-14,5,1025,1,R500146,Employee Referral,31
147,E100787,2022-06-23,9,1046,5,R500147,University Recruiting,11
148,E100788,2022-06-10,9,1045,3,R500148,Employee Referral,23
149,E100789,2022-06-27,9,1045,1,R500149,Job Board,28
150,E100790,2022-07-13,1,1006,5,R500150,Recruiting Agency,52
151,E100791,2022-07-09,3,1018,4,R500151,LinkedIn,26
152,E100792,2022-07-06,3,1013,4,R500152,Recruiting Agency,41
153,E100793,2022-07-09,4,1022,5,R500153,Company Website,43
154,E100794,2022-07-04,4,1021,5,R500154,Recruiting Agency,10
155,E100795,2022-07-25,4,1019,3,R500155,Employee Referral,45
156,E100796,2022-07-02,5,1028,2,R500156,University Recruiting,36
157,E100797,2022-07-19,5,1024,1,R500157,University Recruiting,25
158,E100798,2022-07-18,5,1026,5,R500158,Employee Referral,39
159,E100799,2022-07-08,9,1044,1,R500159,Career Fair,45
160,E100800,2022-08-04,1,1002,1,R500160,LinkedIn,19
161,E100801,2022-08-06,1,1001,5,R500161,Career Fair,33
162,E100802,2022-08-28,2,1009,5,R500162,Job Board,36
163,E100803,2022-08-03,2,1008,3,R500163,University Recruiting,33
164,E100804,2022-08-10,3,1013,3,R500164,LinkedIn,44
165,E100805,2022-08-10,3,1014,4,R500165,Employee Referral,45
166,E100806,2022-08-16,3,1017,3,R500166,Recruiting Agency,35
167,E100807,2022-08-15,3,1015,5,R500167,University Recruiting,43
168,E100808,2022-08-15,5,1024,3,R500168,LinkedIn,33
169,E100809,2022-08-14,9,1045,5,R500169,University Recruiting,38
170,E100810,2022-09-24,1,1007,2,R500170,Employee Referral,44
171,E100811,2022-09-24,1,1004,5,R500171,Employee Referral,31
172,E100812,2022-09-04,2,1011,6,R500172,Company Website,34
173,E100813,2022-09-27,3,1017,1,R500173,LinkedIn,42
174,E100814,2022-09-01,3,1017,6,R500174,University Recruiting,37
175,E100815,2022-09-20,3,1017,4,R500175,Employee Referral,65
176,E100816,2022-09-02,3,1018,2,R500176,Recruiting Agency,39
177,E100817,2022-09-03,4,1020,1,R500177,Job Board,35
178,E100818,2022-09-22,5,1024,1,R500178,Recruiting Agency,30
179,E100819,2022-09-15,5,1027,1,R500179,University Recruiting,42
180,E100820,2022-09-09,6,1030,1,R500180,LinkedIn,27
181,E100821,2022-09-01,8,1043,4,R500181,Career Fair,13
182,E100822,2022-09-18,9,1046,5,R500182,LinkedIn,30
183,E100823,2022-09-06,10,1053,4,R500183,Career Fair,49
184,E100824,2022-10-27,1,1007,6,R500184,University Recruiting,40
185,E100825,2022-10-13,1,1001,2,R500185,Company Website,35
186,E100826,2022-10-15,3,1018,1,R500186,Company Website,28
187,E100827,2022-10-24,3,1013,1,R500187,LinkedIn,30
188,E100828,2022-10-06,5,1024,3,R500188,Job Board,49
189,E100829,2022-10-27,5,1024,4,R500189,Career Fair,20
190,E100830,2022-10-06,9,1046,4,R500190,Recruiting Agency,47
191,E100831,2022-11-03,1,1001,1,R500191,Company Website,53
192,E100832,2022-11-06,3,1014,1,R500192,Recruiting Agency,13
193,E100833,2022-11-20,4,1019,1,R500193,Recruiting Agency,25
194,E100834,2022-11-14,5,1027,2,R500194,University Recruiting,42
195,E100835,2022-11-14,5,1025,5,R500195,Company Website,27
196,E100836,2022-11-26,10,1050,2,R500196,Recruiting Agency,20
197,E100837,2022-11-18,10,1049,1,R500197,Job Board,45
198,E100838,2022-12-25,1,1000,4,R500198,Job Board,39
199,E100839,2022-12-21,1,1006,1,R500199,Company Website,55
200,E100840,2022-12-07,2,1008,3,R500200,LinkedIn,39
201,E100841,2022-12-27,3,1014,2,R500201,LinkedIn,33
202,E100842,2022-12-28,5,1028,5,R500202,Employee Referral,29
203,E100843,2022-12-11,9,1048,1,R500203,Employee Referral,44
204,E100844,2022-12-26,10,1051,1,R500204,Job Board,55
205,E100845,2023-01-24,1,1002,5,R500205,Employee Referral,27
206,E100846,2023-01-07,1,1005,1,R500206,University Recruiting,33
207,E100847,2023-01-20,1,1004,4,R500207,Company Website,28
208,E100848,2023-01-15,1,1005,1,R500208,University Recruiting,18
209,E100849,2023-01-16,2,1008,6,R500209,LinkedIn,24
210,E100850,2023-01-24,3,1013,2,R500210,Career Fair,42
211,E100851,2023-01-04,3,1018,2,R500211,Job Board,28
212,E100852,2023-01-28,3,1018,5,R500212,Company Website,22
213,E100853,2023-01-06,5,1025,5,R500213,Career Fair,35
214,E100854,2023-01-19,5,1024,1,R500214,University Recruiting,31
215,E100855,2023-01-25,5,1027,2,R500215,Recruiting Agency,23
216,E100856,2023-01-04,6,1032,4,R500216,Job Board,11
217,E100857,2023-01-14,8,1040,1,R500217,Recruiting Agency,16
218,E100858,2023-01-16,10,1050,4,R500218,LinkedIn,44
219,E100859,2023-02-27,1,1002,6,R500219,LinkedIn,43
220,E100860,2023-02-20,1,1003,2,R500220,LinkedIn,48
221,E100861,2023-02-11,1,1001,4,R500221,Recruiting Agency,17
222,E100862,2023-02-19,1,1002,3,R500222,Job Board,47
223,E100863,2023-02-22,2,1008,2,R500223,Employee Referral,53
224,E100864,2023-02-03,3,1018,5,R500224,Career Fair,36
225,E100865,2023-02-16,3,1013,1,R500225,LinkedIn,59
226,E100866,2023-02-21,3,1014,6,R500226,University Recruiting,37
227,E100867,2023-02-28,5,1026,2,R500227,Employee Referral,33
228,E100868,2023-02-11,5,1024,6,R500228,Job Board,60
229,E100869,2023-02-22,10,1051,1,R500229,Employee Referral,41
230,E100870,2023-03-07,1,1004,3,R500230,Employee Referral,36
231,E100871,2023-03-18,3,1014,4,R500231,LinkedIn,12
232,E100872,2023-03-02,3,1014,5,R500232,Career Fair,23
233,E100873,2023-03-27,3,1014,5,R500233,Company Website,30
234,E100874,2023-03-03,5,1024,6,R500234,Company Website,54
235,E100875,2023-03-07,5,1025,5,R500235,Employee Referral,40
236,E100876,2023-04-27,1,1000,5,R500236,University Recruiting,36
237,E100877,2023-04-14,1,1004,2,R500237,Company Website,36
238,E100878,2023-04-20,2,1008,2,R500238,Job Board,31
239,E100879,2023-04-01,3,1014,2,R500239,Career Fair,16
240,E100880,2023-04-14,3,1015,2,R500240,Employee Referral,22
241,E100881,2023-04-18,3,1013,2,R500241,Recruiting Agency,52
242,E100882,2023-04-25,4,1020,4,R500242,Recruiting Agency,26
243,E100883,2023-04-20,4,1023,1,R500243,LinkedIn,28
244,E100884,2023-04-24,9,1046,4,R500244,University Recruiting,41
245,E100885,2023-04-07,10,1052,2,R500245,Job Board,44
246,E100886,2023-05-26,1,1007,3,R500246,Company Website,36
247,E100887,2023-05-01,2,1012,4,R500247,Job Board,36
248,E100888,2023-05-22,2,1011,5,R500248,Company Website,13
249,E100889,2023-05-05,3,1013,5,R500249,University Recruiting,71
250,E100890,2023-05-02,3,1015,4,R500250,Recruiting Agency,31
251,E100891,2023-05-25,3,1016,6,R500251,Job Board,44
252,E100892,2023-05-19,3,1013,1,R500252,Job Board,51
253,E100893,2023-05-15,4,1022,5,R500253,Company Website,20
254,E100894,2023-05-24,4,1019,5,R500254,Company Website,41
255,E100895,2023-05-01,5,1027,5,R500255,Job Board,24
256,E100896,2023-05-03,5,1025,4,R500256,Career Fair,43
257,E100897,2023-05-16,5,1024,1,R500257,Recruiting Agency,40
258,E100898,2023-05-01,10,1052,1,R500258,Employee Referral,41
259,E100899,2023-06-26,1,1001,3,R500259,Recruiting Agency,37
260,E100900,2023-06-28,1,1006,1,R500260,LinkedIn,34
261,E100901,2023-06-05,3,1013,1,R500261,Recruiting Agency,43
262,E100902,2023-06-21,3,1013,2,R500262,Recruiting Agency,28
263,E100903,2023-06-28,3,1016,4,R500263,Employee Referral,25
264,E100904,2023-06-13,3,1015,1,R500264,Company Website,23
265,E100905,2023-06-24,3,1015,1,R500265,University Recruiting,35
266,E100906,2023-06-25,4,1020,2,R500266,Job Board,40
267,E100907,2023-06-01,4,1022,1,R500267,LinkedIn,42
268,E100908,2023-06-14,5,1024,5,R500268,Company Website,23
269,E100909,2023-06-18,5,1024,5,R500269,Job Board,32
270,E100910,2023-06-06,5,1025,1,R500270,Job Board,43
271,E100911,2023-06-17,5,1028,2,R500271,LinkedIn,13
272,E100912,2023-06-23,5,1025,1,R500272,Career Fair,46
273,E100913,2023-06-05,10,1049,2,R500273,Career Fair,39
274,E100914,2023-07-08,1,1001,5,R500274,Recruiting Agency,47
275,E100915,2023-07-24,1,1002,5,R500275,Recruiting Agency,13
276,E100916,2023-07-26,2,1012,4,R500276,Company Website,34
277,E100917,2023-07-12,3,1018,4,R500277,Career Fair,39
278,E100918,2023-07-27,5,1027,1,R500278,LinkedIn,22
279,E100919,2023-07-24,5,1025,5,R500279,Company Website,45
280,E100920,2023-08-18,1,1006,1,R500280,Career Fair,30
281,E100921,2023-08-12,1,1007,2,R500281,Career Fair,30
282,E100922,2023-08-05,2,1012,2,R500282,Job Board,52
283,E100923,2023-08-02,3,1013,1,R500283,Company Website,30
284,E100924,2023-08-25,3,1014,2,R500284,Career Fair,42
285,E100925,2023-08-19,3,1018,2,R500285,Company Website,40
286,E100926,2023-08-21,5,1024,5,R500286,Employee Referral,11
287,E100927,2023-08-19,5,1026,1,R500287,Employee Referral,23
288,E100928,2023-08-17,6,1031,5,R500288,Recruiting Agency,33
289,E100929,2023-08-13,6,1031,2,R500289,Employee Referral,67
290,E100930,2023-08-23,6,1031,4,R500290,Company Website,10
291,E100931,2023-09-05,1,1006,5,R500291,Employee Referral,50
292,E100932,2023-09-03,1,1000,1,R500292,Career Fair,42
293,E100933,2023-09-01,1,1004,5,R500293,Recruiting Agency,14
294,E100934,2023-09-25,1,1007,1,R500294,University Recruiting,29
295,E100935,2023-09-26,2,1009,6,R500295,Company Website,27
296,E100936,2023-09-12,3,1018,4,R500296,LinkedIn,39
297,E100937,2023-09-21,3,1015,6,R500297,LinkedIn,34
298,E100938,2023-09-01,3,1013,1,R500298,Job Board,21
299,E100939,2023-09-21,3,1018,4,R500299,University Recruiting,29
300,E100940,2023-09-14,4,1022,5,R500300,Career Fair,39
301,E100941,2023-09-14,4,1019,3,R500301,LinkedIn,29
302,E100942,2023-09-22,4,1022,5,R500302,LinkedIn,38
303,E100943,2023-09-15,5,1024,2,R500303,University Recruiting,44
304,E100944,2023-09-27,5,1024,2,R500304,Career Fair,30
305,E100945,2023-09-22,5,1028,2,R500305,Recruiting Agency,29
306,E100946,2023-09-22,7,1034,4,R500306,LinkedIn,31
307,E100947,2023-09-05,9,1046,1,R500307,University Recruiting,41
308,E100948,2023-09-20,9,1045,4,R500308,Career Fair,33
309,E100949,2023-09-11,10,1050,2,R500309,University Recruiting,29
310,E100950,2023-09-02,10,1050,4,R500310,Job Board,48
311,E100951,2023-10-06,1,1001,6,R500311,Company Website,21
312,E100952,2023-10-20,1,1007,1,R500312,University Recruiting,33
313,E100953,2023-10-02,1,1001,1,R500313,Job Board,61
314,E100954,2023-10-16,2,1008,1,R500314,Career Fair,36
315,E100955,2023-10-06,3,1013,2,R500315,Company Website,43
316,E100956,2023-10-25,3,1013,5,R500316,Career Fair,34
317,E100957,2023-10-10,5,1024,2,R500317,University Recruiting,50
318,E100958,2023-10-22,5,1028,6,R500318,University Recruiting,46
319,E100959,2023-11-27,1,1007,5,R500319,Recruiting Agency,32
320,E100960,2023-11-25,1,1006,3,R500320,Company Website,31
321,E100961,2023-11-09,3,1013,6,R500321,Career Fair,49
322,E100962,2023-11-10,3,1013,5,R500322,Career Fair,10
323,E100963,2023-11-17,5,1028,1,R500323,University Recruiting,48
324,E100964,2023-11-26,5,1024,1,R500324,Career Fair,21
325,E100965,2023-11-24,5,1024,3,R500325,Company Website,24
326,E100966,2023-12-26,1,1001,5,R500326,Career Fair,32
327,E100967,2023-12-26,3,1014,2,R500327,LinkedIn,32
328,E100968,2023-12-07,3,1013,5,R500328,Recruiting Agency,12
329,E100969,2023-12-16,4,1021,2,R500329,Employee Referral,43
330,E100970,2023-12-02,9,1046,1,R500330,Job Board,38
331,E100971,2023-12-14,10,1053,4,R500331,Company Website,34
332,E100972,2024-01-14,1,1006,6,R500332,Recruiting Agency,27
333,E100973,2024-01-08,1,1001,2,R500333,Company Website,20
334,E100974,2024-01-19,1,1006,5,R500334,Job Board,42
335,E100975,2024-01-09,2,1012,1,R500335,Job Board,29
336,E100976,2024-01-08,3,1015,1,R500336,Employee Referral,35
337,E100977,2024-01-18,3,1018,1,R500337,Recruiting Agency,32
338,E100978,2024-01-15,3,1015,4,R500338,Recruiting Agency,33
339,E100979,2024-01-28,4,1019,4,R500339,Employee Referral,33
340,E100980,2024-01-08,5,1027,6,R500340,Employee Referral,37
341,E100981,2024-01-10,5,1025,2,R500341,Career Fair,31
342,E100982,2024-01-27,5,1024,1,R500342,Employee Referral,22
343,E100983,2024-01-09,7,1037,5,R500343,Job Board,23
344,E100984,2024-01-09,7,1039,2,R500344,Recruiting Agency,12
345,E100985,2024-01-01,9,1048,5,R500345,Career Fair,10
346,E100986,2024-01-04,10,1053,5,R500346,Company Website,24
347,E100987,2024-02-19,1,1000,5,R500347,Company Website,43
348,E100988,2024-02-08,1,1000,4,R500348,Career Fair,27
349,E100989,2024-02-04,3,1013,2,R500349,Recruiting Agency,12
350,E100990,2024-02-13,3,1013,5,R500350,Company Website,36
351,E100991,2024-02-10,3,1013,2,R500351,Job Board,45
352,E100992,2024-02-12,3,1015,1,R500352,Employee Referral,36
353,E100993,2024-02-13,3,1013,6,R500353,Recruiting Agency,50
354,E100994,2024-02-15,4,1021,1,R500354,Recruiting Agency,32
355,E100995,2024-02-17,5,1024,3,R500355,Recruiting Agency,39
356,E100996,2024-02-25,5,1025,2,R500356,Recruiting Agency,30
357,E100997,2024-02-15,6,1029,2,R500357,Company Website,34
358,E100998,2024-02-22,7,1036,5,R500358,Employee Referral,31
359,E100999,2024-02-21,10,1051,3,R500359,Recruiting Agency,42
360,E101000,2024-03-12,1,1007,1,R500360,Career Fair,30
361,E101001,2024-03-13,1,1004,1,R500361,Recruiting Agency,10
362,E101002,2024-03-16,3,1015,2,R500362,Company Website,10
363,E101003,2024-03-20,3,1013,5,R500363,Career Fair,37
364,E101004,2024-03-09,4,1019,1,R500364,Career Fair,43
365,E101005,2024-03-10,4,1019,3,R500365,Company Website,40
366,E101006,2024-03-14,5,1027,2,R500366,Career Fair,44
367,E101007,2024-03-18,7,1034,1,R500367,Career Fair,40
368,E101008,2024-03-27,10,1050,4,R500368,LinkedIn,57
369,E101009,2024-04-16,1,1006,2,R500369,University Recruiting,27
370,E101010,2024-04-28,3,1016,5,R500370,Career Fair,30
371,E101011,2024-04-14,3,1013,1,R500371,Career Fair,27
372,E101012,2024-05-13,1,1003,6,R500372,Company Website,50
373,E101013,2024-05-23,1,1004,6,R500373,LinkedIn,17
374,E101014,2024-05-12,3,1013,1,R500374,Company Website,43
375,E101015,2024-05-27,3,1014,5,R500375,Career Fair,10
376,E101016,2024-05-27,4,1022,2,R500376,Job Board,33
377,E101017,2024-05-16,4,1023,4,R500377,Employee Referral,34
378,E101018,2024-05-18,4,1020,6,R500378,Employee Referral,29
379,E101019,2024-05-22,5,1024,4,R500379,Job Board,39
380,E101020,2024-05-19,5,1025,2,R500380,University Recruiting,28
381,E101021,2024-05-19,7,1035,1,R500381,LinkedIn,31
382,E101022,2024-05-23,9,1045,2,R500382,LinkedIn,40
383,E101023,2024-05-10,10,1053,4,R500383,Career Fair,36
384,E101024,2024-06-08,1,1003,5,R500384,Employee Referral,31
385,E101025,2024-06-07,1,1003,5,R500385,Company Website,27
386,E101026,2024-06-09,2,1009,3,R500386,Employee Referral,19
387,E101027,2024-06-10,2,1009,2,R500387,Recruiting Agency,15
388,E101028,2024-06-17,3,1017,1,R500388,Career Fair,60
389,E101029,2024-06-25,3,1013,1,R500389,LinkedIn,38
390,E101030,2024-06-02,3,1018,1,R500390,Employee Referral,10
391,E101031,2024-06-21,5,1028,2,R500391,Career Fair,10
392,E101032,2024-06-23,5,1027,1,R500392,Recruiting Agency,42
393,E101033,2024-06-20,5,1025,3,R500393,Job Board,43
394,E101034,2024-06-16,7,1034,4,R500394,Career Fair,10
395,E101035,2024-06-25,10,1049,4,R500395,Recruiting Agency,51
396,E101036,2024-07-18,1,1001,2,R500396,Job Board,44
397,E101037,2024-07-25,1,1002,1,R500397,University Recruiting,15
398,E101038,2024-07-22,1,1000,2,R500398,Employee Referral,21
399,E101039,2024-07-13,2,1009,1,R500399,University Recruiting,10
400,E101040,2024-07-11,3,1013,1,R500400,Company Website,55
401,E101041,2024-07-28,3,1014,1,R500401,Recruiting Agency,32
402,E101042,2024-07-16,3,1013,2,R500402,Job Board,42
403,E101043,2024-07-16,5,1027,5,R500403,Recruiting Agency,49
404,E101044,2024-07-01,5,1025,4,R500404,Company Website,43
405,E101045,2024-07-04,8,1043,1,R500405,Recruiting Agency,40
406,E101046,2024-07-19,10,1053,3,R500406,Career Fair,36
407,E101047,2024-07-04,10,1053,5,R500407,Employee Referral,15
408,E101048,2024-08-04,1,1001,1,R500408,Career Fair,37
409,E101049,2024-08-05,1,1000,4,R500409,Employee Referral,29
410,E101050,2024-08-04,1,1001,5,R500410,Job Board,23
411,E101051,2024-08-16,3,1017,5,R500411,LinkedIn,40
412,E101052,2024-08-08,3,1016,4,R500412,University Recruiting,23
413,E101053,2024-08-27,3,1013,2,R500413,Career Fair,51
414,E101054,2024-08-16,5,1024,1,R500414,Recruiting Agency,19
415,E101055,2024-08-07,5,1027,3,R500415,Recruiting Agency,38
416,E101056,2024-08-16,8,1040,5,R500416,Recruiting Agency,25
417,E101057,2024-09-12,1,1002,1,R500417,Company Website,44
418,E101058,2024-09-17,1,1000,1,R500418,Company Website,37
419,E101059,2024-09-07,1,1004,5,R500419,Career Fair,43
420,E101060,2024-09-16,2,1012,3,R500420,LinkedIn,36
421,E101061,2024-09-10,3,1017,2,R500421,LinkedIn,40
422,E101062,2024-09-17,3,1018,5,R500422,Recruiting Agency,10
423,E101063,2024-09-04,3,1015,5,R500423,Employee Referral,16
424,E101064,2024-09-10,3,1018,2,R500424,Company Website,31
425,E101065,2024-09-18,3,1014,5,R500425,Employee Referral,37
426,E101066,2024-09-18,4,1023,1,R500426,Job Board,38
427,E101067,2024-09-25,5,1025,5,R500427,Employee Referral,30
428,E101068,2024-09-09,5,1024,5,R500428,LinkedIn,36
429,E101069,2024-09-21,5,1027,5,R500429,Company Website,10
430,E101070,2024-09-24,6,1030,4,R500430,University Recruiting,31
431,E101071,2024-09-19,7,1039,4,R500431,University Recruiting,39
432,E101072,2024-10-07,1,1001,2,R500432,University Recruiting,12
433,E101073,2024-10-25,3,1014,4,R500433,Career Fair,15
434,E101074,2024-10-12,5,1024,1,R500434,LinkedIn,56
435,E101075,2024-10-03,5,1024,3,R500435,University Recruiting,37
436,E101076,2024-10-20,8,1041,2,R500436,Job Board,43
437,E101077,2024-11-11,2,1012,5,R500437,Job Board,37
438,E101078,2024-11-15,2,1008,3,R500438,Company Website,45
439,E101079,2024-11-11,3,1013,5,R500439,Recruiting Agency,34
440,E101080,2024-11-28,3,1013,6,R500440,Job Board,47
441,E101081,2024-11-06,3,1014,1,R500441,Job Board,19
442,E101082,2024-11-05,5,1027,1,R500442,Recruiting Agency,46
443,E101083,2024-11-13,5,1024,1,R500443,Job Board,27
444,E101084,2024-11-08,10,1049,1,R500444,Employee Referral,31
445,E101085,2024-11-04,10,1049,2,R500445,LinkedIn,31
446,E101086,2024-12-28,1,1007,5,R500446,LinkedIn,38
447,E101087,2024-12-01,1,1000,5,R500447,Job Board,13
448,E101088,2024-12-25,2,1008,1,R500448,Recruiting Agency,61
449,E101089,2024-12-15,3,1015,5,R500449,Job Board,40
450,E101090,2024-12-19,3,1015,1,R500450,Company Website,24
451,E101091,2024-12-21,5,1027,1,R500451,Employee Referral,41
452,E101092,2024-12-22,5,1024,6,R500452,LinkedIn,43
453,E101093,2024-12-07,5,1024,4,R500453,Recruiting Agency,23
454,E101094,2024-12-01,7,1035,5,R500454,Company Website,21
455,E101095,2024-12-16,8,1041,1,R500455,Employee Referral,31
456,E101096,2024-12-27,10,1050,3,R500456,Job Board,38
457,E101097,2025-01-16,1,1004,4,R500457,Career Fair,38
458,E101098,2025-01-04,1,1005,1,R500458,Career Fair,10
459,E101099,2025-01-17,1,1001,6,R500459,Company Website,29
460,E101100,2025-01-24,1,1004,1,R500460,Recruiting Agency,29
461,E101101,2025-01-04,2,1012,4,R500461,University Recruiting,40
462,E101102,2025-01-16,2,1010,5,R500462,University Recruiting,35
463,E101103,2025-01-17,3,1013,1,R500463,Company Website,44
464,E101104,2025-01-07,3,1017,3,R500464,Company Website,40
465,E101105,2025-01-04,3,1015,1,R500465,Job Board,26
466,E101106,2025-01-02,3,1014,5,R500466,Employee Referral,39
467,E101107,2025-01-21,5,1024,1,R500467,University Recruiting,21
468,E101108,2025-01-26,5,1024,1,R500468,Company Website,35
469,E101109,2025-01-06,5,1024,5,R500469,Employee Referral,30
470,E101110,2025-01-04,5,1027,2,R500470,Job Board,57
471,E101111,2025-01-09,6,1030,5,R500471,Company Website,64
472,E101112,2025-01-04,7,1034,5,R500472,LinkedIn,30
473,E101113,2025-01-22,7,1036,5,R500473,Job Board,36
474,E101114,2025-01-15,10,1053,5,R500474,Career Fair,47
475,E101115,2025-02-25,1,1000,3,R500475,University Recruiting,10
476,E101116,2025-02-15,1,1002,4,R500476,University Recruiting,40
477,E101117,2025-02-13,2,1009,5,R500477,Job Board,34
478,E101118,2025-02-20,3,1016,5,R500478,Job Board,54
479,E101119,2025-02-12,3,1015,3,R500479,Job Board,27
480,E101120,2025-02-18,3,1013,3,R500480,LinkedIn,57
481,E101121,2025-02-08,4,1019,5,R500481,University Recruiting,15
482,E101122,2025-02-12,5,1025,1,R500482,Recruiting Agency,70
483,E101123,2025-02-03,5,1024,6,R500483,LinkedIn,29
484,E101124,2025-02-10,5,1027,4,R500484,Company Website,47
485,E101125,2025-02-21,6,1029,3,R500485,Company Website,27
486,E101126,2025-02-26,6,1032,6,R500486,Career Fair,52
487,E101127,2025-02-21,10,1051,1,R500487,Employee Referral,39
488,E101128,2025-02-01,10,1053,1,R500488,Career Fair,22
489,E101129,2025-03-21,3,1013,4,R500489,Career Fair,29
490,E101130,2025-03-14,3,1016,1,R500490,LinkedIn,39
491,E101131,2025-03-11,3,1018,3,R500491,Employee Referral,30
492,E101132,2025-03-08,4,1021,2,R500492,LinkedIn,30
493,E101133,2025-03-15,5,1027,5,R500493,Job Board,37
494,E101134,2025-03-06,5,1026,4,R500494,Recruiting Agency,28
495,E101135,2025-03-28,6,1029,1,R500495,Career Fair,29
496,E101136,2025-03-15,8,1041,4,R500496,Company Website,43
497,E101137,2025-03-01,10,1049,5,R500497,Career Fair,27
498,E101138,2025-04-11,1,1003,1,R500498,Employee Referral,26
499,E101139,2025-04-08,1,1002,1,R500499,Employee Referral,38
500,E101140,2025-04-27,2,1012,1,R500500,Recruiting Agency,44
501,E101141,2025-04-26,3,1014,1,R500501,Career Fair,48
502,E101142,2025-04-26,3,1015,1,R500502,Job Board,43
503,E101143,2025-04-15,4,1019,1,R500503,Employee Referral,17
504,E101144,2025-04-16,5,1025,5,R500504,Company Website,50
505,E101145,2025-04-21,5,1025,4,R500505,Career Fair,15
506,E101146,2025-05-03,1,1000,5,R500506,Employee Referral,40
507,E101147,2025-05-22,1,1000,4,R500507,LinkedIn,31
508,E101148,2025-05-16,2,1012,2,R500508,Career Fair,38
509,E101149,2025-05-09,3,1016,3,R500509,Company Website,39
510,E101150,2025-05-19,3,1016,1,R500510,Employee Referral,42
511,E101151,2025-05-12,3,1018,1,R500511,Career Fair,21
512,E101152,2025-05-10,3,1017,1,R500512,University Recruiting,53
513,E101153,2025-05-19,3,1015,6,R500513,Employee Referral,29
514,E101154,2025-05-14,5,1024,2,R500514,LinkedIn,34
515,E101155,2025-05-26,5,1027,4,R500515,Company Website,16
516,E101156,2025-05-25,7,1036,1,R500516,University Recruiting,36
517,E101157,2025-05-05,10,1049,5,R500517,LinkedIn,29
518,E101158,2025-06-25,1,1007,5,R500518,University Recruiting,50
519,E101159,2025-06-13,1,1005,3,R500519,Recruiting Agency,37
520,E101160,2025-06-02,3,1013,5,R500520,University Recruiting,40
521,E101161,2025-06-01,3,1013,5,R500521,Employee Referral,34
522,E101162,2025-06-17,5,1025,4,R500522,Employee Referral,32
523,E101163,2025-06-11,5,1026,4,R500523,LinkedIn,34
524,E101164,2025-06-06,9,1046,3,R500524,Career Fair,20
525,E101165,2025-07-12,1,1001,4,R500525,Recruiting Agency,30
526,E101166,2025-07-17,3,1018,2,R500526,University Recruiting,29
527,E101167,2025-07-06,3,1013,3,R500527,LinkedIn,16
528,E101168,2025-07-13,4,1020,4,R500528,LinkedIn,27
529,E101169,2025-07-27,4,1021,5,R500529,University Recruiting,31
530,E101170,2025-07-21,5,1028,1,R500530,University Recruiting,14
531,E101171,2025-07-02,10,1049,5,R500531,Employee Referral,10
532,E101172,2025-08-09,1,1002,5,R500532,Recruiting Agency,32
533,E101173,2025-08-03,1,1004,3,R500533,Career Fair,39
534,E101174,2025-08-23,2,1011,1,R500534,Employee Referral,36
535,E101175,2025-08-21,3,1018,1,R500535,Career Fair,27
536,E101176,2025-08-17,3,1014,4,R500536,Recruiting Agency,30
537,E101177,2025-08-14,4,1022,4,R500537,Career Fair,21
538,E101178,2025-08-03,4,1022,1,R500538,University Recruiting,16
539,E101179,2025-08-14,5,1024,4,R500539,University Recruiting,34
540,E101180,2025-08-19,5,1026,2,R500540,Employee Referral,34
541,E101181,2025-08-19,6,1029,1,R500541,Job Board,20
542,E101182,2025-08-24,10,1049,2,R500542,LinkedIn,36
543,E101183,2025-09-06,1,1002,1,R500543,LinkedIn,40
544,E101184,2025-09-20,1,1001,1,R500544,Company Website,33
545,E101185,2025-09-28,1,1002,4,R500545,University Recruiting,24
546,E101186,2025-09-16,2,1010,2,R500546,University Recruiting,29
547,E101187,2025-09-03,2,1008,3,R500547,Company Website,32
548,E101188,2025-09-02,3,1016,1,R500548,Career Fair,34
549,E101189,2025-09-15,3,1014,5,R500549,Job Board,37
550,E101190,2025-09-28,4,1022,3,R500550,LinkedIn,17
551,E101191,2025-09-12,4,1022,1,R500551,University Recruiting,32
552,E101192,2025-09-09,5,1024,1,R500552,University Recruiting,24
553,E101193,2025-09-05,5,1025,5,R500553,Company Website,10
554,E101194,2025-09-10,5,1024,2,R500554,Job Board,32
555,E101195,2025-09-13,6,1033,1,R500555,Career Fair,35
556,E101196,2025-09-04,6,1029,5,R500556,Job Board,31
557,E101197,2025-09-08,7,1035,2,R500557,Recruiting Agency,53
558,E101198,2025-09-17,9,1046,1,R500558,Career Fair,38
559,E101199,2025-09-19,10,1052,1,R500559,Career Fair,34
560,E101200,2025-10-27,1,1003,2,R500560,Employee Referral,37
561,E101201,2025-10-22,1,1000,4,R500561,Job Board,29
562,E101202,2025-10-02,3,1014,4,R500562,Job Board,54
563,E101203,2025-10-25,4,1023,4,R500563,LinkedIn,51
564,E101204,2025-10-20,4,1019,1,R500564,Company Website,25
565,E101205,2025-10-08,5,1027,1,R500565,Career Fair,40
566,E101206,2025-10-16,5,1024,1,R500566,Job Board,52
567,E101207,2025-10-01,7,1034,1,R500567,Job Board,31
568,E101208,2025-11-25,1,1006,2,R500568,University Recruiting,34
569,E101209,2025-11-28,3,1014,1,R500569,Job Board,45
570,E101210,2025-11-27,3,1014,1,R500570,Career Fair,32
571,E101211,2025-11-23,4,1019,1,R500571,LinkedIn,19
572,E101212,2025-11-23,4,1023,5,R500572,Career Fair,40
573,E101213,2025-11-25,5,1026,1,R500573,Job Board,23
574,E101214,2025-11-20,5,1024,2,R500574,Recruiting Agency,19
575,E101215,2025-11-23,8,1040,5,R500575,Company Website,31
576,E101216,2025-11-04,9,1047,1,R500576,Company Website,23
577,E101217,2025-12-16,1,1004,6,R500577,Company Website,10
578,E101218,2025-12-19,3,1016,4,R500578,Recruiting Agency,30
579,E101219,2025-12-21,3,1014,6,R500579,University Recruiting,35
580,E101220,2025-12-27,3,1018,5,R500580,Company Website,44
581,E101221,2025-12-01,3,1016,3,R500581,LinkedIn,37
582,E101222,2025-12-24,4,1019,5,R500582,Company Website,39
583,E101223,2025-12-18,5,1025,4,R500583,Career Fair,57
584,E101224,2025-12-12,5,1026,1,R500584,LinkedIn,15
585,E101225,2025-12-21,5,1025,1,R500585,University Recruiting,10
586,E101226,2025-12-15,9,1046,1,R500586,LinkedIn,41
587,E101227,2026-01-17,1,1007,6,R500587,Career Fair,22
588,E101228,2026-01-07,1,1006,1,R500588,Company Website,39
589,E101229,2026-01-09,2,1010,2,R500589,LinkedIn,18
590,E101230,2026-01-17,3,1016,2,R500590,Career Fair,24
591,E101231,2026-01-25,3,1013,6,R500591,Company Website,52
592,E101232,2026-01-02,3,1013,2,R500592,LinkedIn,37
593,E101233,2026-01-13,3,1018,3,R500593,Job Board,45
594,E101234,2026-01-25,3,1017,1,R500594,LinkedIn,35
595,E101235,2026-01-13,4,1019,3,R500595,Career Fair,50
596,E101236,2026-01-14,4,1020,2,R500596,Company Website,54
597,E101237,2026-01-17,5,1024,1,R500597,Employee Referral,23
598,E101238,2026-01-22,5,1026,5,R500598,Employee Referral,33
599,E101239,2026-01-25,5,1024,3,R500599,Employee Referral,28
600,E101240,2026-01-26,6,1032,5,R500600,Career Fair,45
601,E101241,2026-01-28,7,1035,1,R500601,Employee Referral,28
602,E101242,2026-01-14,9,1044,2,R500602,Job Board,48
603,E101243,2026-01-26,10,1049,5,R500603,University Recruiting,39
604,E101244,2026-02-08,1,1000,5,R500604,LinkedIn,28
605,E101245,2026-02-15,1,1000,1,R500605,Career Fair,43
606,E101246,2026-02-10,1,1000,2,R500606,Company Website,23
607,E101247,2026-02-10,1,1006,4,R500607,Recruiting Agency,50
608,E101248,2026-02-04,2,1008,5,R500608,Employee Referral,26
609,E101249,2026-02-20,3,1013,2,R500609,Recruiting Agency,64
610,E101250,2026-02-23,3,1014,2,R500610,Employee Referral,37
611,E101251,2026-02-05,3,1013,5,R500611,Employee Referral,30
612,E101252,2026-02-03,3,1013,1,R500612,Job Board,25
613,E101253,2026-02-25,3,1013,1,R500613,Employee Referral,36
614,E101254,2026-02-04,3,1015,6,R500614,University Recruiting,37
615,E101255,2026-02-12,4,1023,4,R500615,Job Board,24
616,E101256,2026-02-26,5,1024,2,R500616,Career Fair,34
617,E101257,2026-02-04,7,1035,3,R500617,University Recruiting,24
618,E101258,2026-03-18,2,1011,5,R500618,University Recruiting,36
619,E101259,2026-03-03,2,1012,4,R500619,Employee Referral,10
620,E101260,2026-03-24,3,1018,5,R500620,Employee Referral,43
621,E101261,2026-03-03,3,1014,6,R500621,Career Fair,25
622,E101262,2026-03-07,3,1016,2,R500622,Company Website,22
623,E101263,2026-03-23,5,1024,3,R500623,Career Fair,15
624,E101264,2026-03-20,5,1027,5,R500624,Company Website,34
625,E101265,2026-03-21,9,1045,4,R500625,Employee Referral,16
626,E101266,2026-04-22,1,1003,2,R500626,Job Board,23
627,E101267,2026-04-14,3,1015,3,R500627,Recruiting Agency,43
628,E101268,2026-04-14,3,1013,1,R500628,University Recruiting,48
629,E101269,2026-04-15,10,1053,1,R500629,LinkedIn,13
630,E101270,2026-05-24,1,1002,4,R500630,University Recruiting,47
631,E101271,2026-05-01,3,1013,5,R500631,Career Fair,34
632,E101272,2026-05-17,3,1016,5,R500632,Company Website,47
633,E101273,2026-05-15,3,1018,2,R500633,Recruiting Agency,28
634,E101274,2026-05-07,3,1013,3,R500634,Company Website,42
635,E101275,2026-05-14,4,1019,1,R500635,Company Website,31
636,E101276,2026-05-16,5,1024,1,R500636,Company Website,32
637,E101277,2026-05-28,5,1025,1,R500637,Job Board,26
638,E101278,2026-05-21,9,1044,4,R500638,LinkedIn,26
639,E101279,2026-06-25,1,1003,6,R500639,LinkedIn,63
640,E101280,2026-06-07,1,1002,1,R500640,Company Website,34
641,E101281,2026-06-15,3,1014,3,R500641,LinkedIn,60
642,E101282,2026-06-08,3,1014,1,R500642,Recruiting Agency,42
643,E101283,2026-06-13,3,1015,4,R500643,LinkedIn,36
644,E101284,2026-06-03,5,1025,2,R500644,LinkedIn,22
645,E101285,2026-06-20,5,1026,1,R500645,Job Board,39
646,E101286,2026-06-15,5,1024,2,R500646,Recruiting Agency,31
647,E101287,2026-06-05,6,1031,4,R500647,LinkedIn,59
648,E101288,2026-07-25,1,1000,4,R500648,Career Fair,33
649,E101289,2026-07-04,1,1007,4,R500649,Employee Referral,39
650,E101290,2026-07-25,3,1015,2,R500650,Employee Referral,46
651,E101291,2026-07-28,3,1014,1,R500651,Recruiting Agency,40
652,E101292,2026-07-11,4,1019,5,R500652,LinkedIn,23
653,E101293,2026-07-03,5,1028,1,R500653,University Recruiting,39
654,E101294,2026-07-11,5,1024,2,R500654,Career Fair,30
655,E101295,2026-07-08,10,1049,1,R500655,Recruiting Agency,42
656,E101296,2026-08-11,1,1007,4,R500656,LinkedIn,29
657,E101297,2026-08-18,3,1018,1,R500657,Company Website,52
658,E101298,2026-08-09,3,1016,2,R500658,Company Website,25
659,E101299,2026-08-06,3,1013,4,R500659,Recruiting Agency,25
660,E101300,2026-08-17,4,1022,4,R500660,Employee Referral,30
661,E101301,2026-08-08,5,1025,6,R500661,Career Fair,24
662,E101302,2026-08-10,5,1028,1,R500662,Company Website,11
663,E101303,2026-08-06,5,1025,5,R500663,University Recruiting,10
664,E101304,2026-08-08,8,1041,6,R500664,Career Fair,37
665,E101305,2026-08-07,10,1052,2,R500665,Employee Referral,35
