RequisitionID,DepartmentKey,JobKey,LocationKey,OpenDate,CloseDate,RequisitionStatus,ApplicantsCount,ScreenedCount,InterviewedCount,OfferedCount,HiredCount,TimeToFillDays,SourceChannel
R500001,1,1001,5,2021-02-01,2021-02-28,Filled,74,40,14,3,1,27,Company Website
R500002,2,1008,1,2020-12-25,2021-02-09,Filled,93,42,14,4,1,46,Recruiting Agency
R500003,3,1018,5,2021-01-17,2021-02-21,Filled,43,23,8,2,1,35,Recruiting Agency
R500004,4,1021,1,2021-01-01,2021-02-02,Filled,74,28,8,2,1,32,Job Board
R500005,5,1027,1,2021-01-13,2021-02-16,Filled,58,26,6,2,1,34,Career Fair
R500006,7,1037,2,2021-01-06,2021-02-24,Filled,43,21,6,1,1,49,University Recruiting
R500007,9,1048,3,2021-01-12,2021-02-14,Filled,48,23,9,1,1,33,LinkedIn
R500008,3,1013,2,2021-02-01,2021-03-15,Filled,30,14,4,1,1,42,Company Website
R500009,5,1024,1,2021-01-12,2021-03-01,Filled,57,20,5,1,1,48,Career Fair
R500010,5,1026,1,2021-02-12,2021-03-14,Filled,34,18,7,1,1,30,LinkedIn
R500011,8,1041,3,2021-01-16,2021-03-03,Filled,27,12,4,1,1,46,Career Fair
R500012,10,1049,6,2021-01-27,2021-03-07,Filled,45,21,8,1,1,39,University Recruiting
R500013,1,1003,3,2021-02-22,2021-04-06,Filled,44,22,7,1,1,43,Career Fair
R500014,1,1001,3,2021-03-21,2021-04-24,Filled,53,23,6,1,1,34,Employee Referral
R500015,3,1014,4,2021-04-06,2021-04-19,Filled,55,29,12,2,1,13,Employee Referral
R500016,3,1013,3,2021-03-28,2021-04-25,Filled,17,7,1,1,1,28,Career Fair
R500017,5,1028,6,2021-03-26,2021-04-24,Filled,40,18,7,1,1,29,Career Fair
R500018,8,1041,2,2021-04-14,2021-04-24,Filled,51,27,8,2,1,10,University Recruiting
R500019,10,1049,1,2021-03-09,2021-04-06,Filled,44,19,8,1,1,28,Job Board
R500020,1,1006,4,2021-04-19,2021-05-23,Filled,26,14,5,1,1,34,Career Fair
R500021,1,1007,1,2021-05-04,2021-05-23,Filled,69,24,10,2,1,19,Company Website
R500022,3,1013,6,2021-04-08,2021-05-03,Filled,46,16,4,1,1,25,Job Board
R500023,3,1015,1,2021-05-02,2021-05-26,Filled,62,26,10,2,1,24,Job Board
R500024,5,1025,3,2021-03-29,2021-05-02,Filled,45,24,10,1,1,34,LinkedIn
R500025,5,1025,3,2021-04-13,2021-05-21,Filled,54,25,6,1,1,38,LinkedIn
R500026,10,1049,2,2021-04-13,2021-05-25,Filled,41,14,5,1,1,42,Company Website
R500027,1,1001,1,2021-05-22,2021-06-28,Filled,15,6,1,1,1,37,Job Board
R500028,3,1013,1,2021-04-26,2021-06-21,Filled,26,9,2,1,1,56,LinkedIn
R500029,3,1014,1,2021-05-28,2021-06-16,Filled,18,8,2,1,1,19,Career Fair
R500030,3,1016,1,2021-04-25,2021-06-12,Filled,14,5,1,1,1,48,LinkedIn
R500031,3,1014,2,2021-04-20,2021-06-01,Filled,8,3,1,1,1,42,LinkedIn
R500032,4,1020,1,2021-05-08,2021-06-14,Filled,28,10,3,1,1,37,Employee Referral
R500033,5,1025,5,2021-04-25,2021-06-05,Filled,73,29,8,2,1,41,LinkedIn
R500034,5,1024,2,2021-04-25,2021-06-02,Filled,77,30,8,1,1,38,Career Fair
R500035,1,1000,1,2021-07-05,2021-07-18,Filled,59,31,10,2,1,13,Employee Referral
R500036,2,1010,3,2021-06-06,2021-07-20,Filled,50,22,9,3,1,44,LinkedIn
R500037,3,1013,5,2021-06-07,2021-07-19,Filled,91,39,15,3,1,42,University Recruiting
R500038,3,1013,1,2021-05-27,2021-07-04,Filled,21,10,2,1,1,38,Company Website
R500039,5,1028,2,2021-07-04,2021-07-26,Filled,52,19,7,1,1,22,Company Website
R500040,5,1026,5,2021-06-03,2021-07-20,Filled,84,30,9,2,1,47,Job Board
R500041,10,1052,3,2021-06-16,2021-07-11,Filled,60,30,11,3,1,25,Career Fair
R500042,1,1004,1,2021-06-27,2021-08-08,Filled,48,20,8,2,1,42,University Recruiting
R500043,1,1003,4,2021-07-05,2021-08-08,Filled,29,11,4,1,1,34,Employee Referral
R500044,2,1010,6,2021-06-28,2021-08-14,Filled,76,32,8,1,1,47,Career Fair
R500045,2,1010,5,2021-06-13,2021-08-04,Filled,53,24,10,1,1,52,Recruiting Agency
R500046,2,1011,5,2021-07-23,2021-08-25,Filled,103,49,21,4,1,33,LinkedIn
R500047,3,1013,5,2021-07-01,2021-08-06,Filled,27,13,3,1,1,36,LinkedIn
R500048,3,1013,5,2021-07-19,2021-08-27,Filled,51,24,8,1,1,39,Career Fair
R500049,5,1026,1,2021-06-28,2021-08-01,Filled,8,2,0,1,1,34,Career Fair
R500050,5,1028,3,2021-06-30,2021-08-16,Filled,39,19,4,1,1,47,Employee Referral
R500051,1,1001,1,2021-07-27,2021-09-07,Filled,51,21,6,1,1,42,Job Board
R500052,1,1005,3,2021-08-13,2021-09-26,Filled,39,19,6,1,1,44,LinkedIn
R500053,1,1000,3,2021-09-08,2021-09-21,Filled,71,36,11,2,1,13,Career Fair
R500054,1,1002,2,2021-08-11,2021-09-01,Filled,70,24,10,1,1,21,Job Board
R500055,2,1011,2,2021-07-02,2021-09-01,Filled,37,15,4,1,1,61,Employee Referral
R500056,3,1017,3,2021-08-28,2021-09-15,Filled,89,35,14,2,1,18,Career Fair
R500057,4,1020,5,2021-08-11,2021-09-08,Filled,86,42,11,1,1,28,LinkedIn
R500058,4,1023,1,2021-09-02,2021-09-23,Filled,62,28,10,2,1,21,Employee Referral
R500059,5,1028,1,2021-07-20,2021-09-08,Filled,34,17,6,1,1,50,Employee Referral
R500060,5,1027,1,2021-08-14,2021-09-18,Filled,31,16,7,1,1,35,Employee Referral
R500061,5,1028,5,2021-08-29,2021-09-17,Filled,79,40,13,4,1,19,Company Website
R500062,6,1031,1,2021-08-16,2021-09-15,Filled,35,17,6,1,1,30,Company Website
R500063,7,1035,4,2021-07-14,2021-09-01,Filled,30,15,5,1,1,49,University Recruiting
R500064,7,1038,2,2021-07-16,2021-09-14,Filled,61,24,6,1,1,60,Recruiting Agency
R500065,10,1053,1,2021-07-31,2021-09-04,Filled,44,23,8,2,1,35,Career Fair
R500066,3,1014,3,2021-09-18,2021-10-20,Filled,42,20,7,2,1,32,LinkedIn
R500067,5,1025,2,2021-10-04,2021-10-16,Filled,94,51,18,5,1,12,Job Board
R500068,5,1024,1,2021-09-14,2021-10-01,Filled,45,22,8,1,1,17,LinkedIn
R500069,7,1037,1,2021-10-12,2021-10-26,Filled,39,19,7,2,1,14,Company Website
R500070,1,1007,3,2021-09-25,2021-11-04,Filled,77,41,12,2,1,40,Company Website
R500071,3,1016,2,2021-10-11,2021-11-07,Filled,15,5,1,1,1,27,Employee Referral
R500072,3,1013,5,2021-11-11,2021-11-28,Filled,17,6,1,1,1,17,University Recruiting
R500073,5,1028,3,2021-10-19,2021-11-16,Filled,73,29,10,1,1,28,Recruiting Agency
R500074,5,1024,2,2021-11-09,2021-11-28,Filled,65,25,10,1,1,19,Employee Referral
R500075,5,1025,4,2021-11-06,2021-11-16,Filled,41,18,5,1,1,10,LinkedIn
R500076,5,1026,3,2021-09-24,2021-11-06,Filled,77,36,10,2,1,43,Employee Referral
R500077,5,1026,1,2021-10-22,2021-11-04,Filled,20,10,3,1,1,13,LinkedIn
R500078,1,1006,1,2021-10-31,2021-12-25,Filled,67,30,11,2,1,55,Employee Referral
R500079,2,1009,6,2021-11-02,2021-12-01,Filled,48,26,10,1,1,29,LinkedIn
R500080,3,1017,5,2021-11-19,2021-12-13,Filled,66,25,7,1,1,24,Company Website
R500081,3,1013,1,2021-12-14,2021-12-24,Filled,23,11,3,1,1,10,Company Website
R500082,3,1013,5,2021-11-24,2021-12-27,Filled,78,41,14,3,1,33,Employee Referral
R500083,5,1025,6,2021-11-15,2021-12-03,Filled,17,7,2,1,1,18,LinkedIn
R500084,5,1024,1,2021-11-08,2021-12-14,Filled,14,6,1,1,1,36,Company Website
R500085,5,1026,4,2021-12-04,2021-12-14,Filled,58,30,9,2,1,10,Job Board
R500086,5,1028,2,2021-11-28,2021-12-20,Filled,52,24,8,2,1,22,Job Board
R500087,6,1031,3,2021-11-13,2021-12-18,Filled,24,8,3,1,1,35,University Recruiting
R500088,6,1032,1,2021-11-01,2021-12-03,Filled,31,12,4,1,1,32,Recruiting Agency
R500089,7,1034,4,2021-11-27,2021-12-27,Filled,61,31,8,2,1,30,LinkedIn
R500090,10,1050,6,2021-10-08,2021-12-02,Filled,45,22,9,1,1,55,University Recruiting
R500091,1,1000,1,2021-12-27,2022-01-07,Filled,76,41,10,1,1,11,LinkedIn
R500092,1,1007,6,2021-12-02,2022-01-20,Filled,28,12,5,1,1,49,LinkedIn
R500093,2,1009,2,2021-12-12,2022-01-08,Filled,59,29,11,2,1,27,Employee Referral
R500094,2,1008,6,2021-12-17,2022-01-07,Filled,74,26,8,2,1,21,Career Fair
R500095,2,1012,1,2021-11-30,2022-01-15,Filled,71,33,12,3,1,46,Company Website
R500096,3,1014,3,2021-12-15,2022-01-17,Filled,43,18,6,1,1,33,Job Board
R500097,3,1017,1,2021-11-17,2022-01-06,Filled,45,18,5,1,1,50,Job Board
R500098,3,1013,1,2021-11-29,2022-01-13,Filled,44,19,6,1,1,45,Recruiting Agency
R500099,3,1016,5,2021-12-07,2022-01-10,Filled,54,25,8,2,1,34,University Recruiting
R500100,3,1018,1,2022-01-04,2022-01-14,Filled,66,36,9,1,1,10,Company Website
R500101,4,1019,4,2021-12-09,2022-01-26,Filled,46,18,7,2,1,48,Job Board
R500102,4,1020,4,2021-12-08,2022-01-05,Filled,35,12,4,1,1,28,Recruiting Agency
R500103,4,1019,4,2021-12-19,2022-01-17,Filled,8,2,0,1,1,29,Employee Referral
R500104,4,1021,4,2021-12-31,2022-01-16,Filled,23,11,3,1,1,16,Company Website
R500105,5,1026,2,2021-12-15,2022-01-12,Filled,20,7,2,1,1,28,Employee Referral
R500106,5,1028,4,2021-11-29,2022-01-12,Filled,31,11,4,1,1,44,Recruiting Agency
R500107,5,1025,5,2021-11-30,2022-01-14,Filled,30,12,5,1,1,45,Job Board
R500108,5,1025,1,2021-12-01,2022-01-12,Filled,31,13,3,1,1,42,Company Website
R500109,5,1025,2,2021-11-21,2022-01-14,Filled,53,20,6,1,1,54,LinkedIn
R500110,6,1029,2,2021-12-31,2022-01-23,Filled,49,21,5,1,1,23,Employee Referral
R500111,10,1049,5,2021-12-21,2022-01-15,Filled,53,28,7,1,1,25,Employee Referral
R500112,10,1052,2,2021-12-23,2022-01-18,Filled,48,26,10,3,1,26,Employee Referral
R500113,10,1049,1,2021-12-05,2022-01-25,Filled,8,3,0,1,1,51,Career Fair
R500114,1,1000,5,2021-12-22,2022-02-06,Filled,12,5,2,1,1,46,University Recruiting
R500115,1,1007,1,2021-12-01,2022-02-05,Filled,52,22,5,1,1,66,LinkedIn
R500116,1,1003,1,2021-12-29,2022-02-07,Filled,39,20,8,2,1,40,Job Board
R500117,3,1016,2,2022-01-07,2022-02-28,Filled,47,24,9,2,1,52,LinkedIn
R500118,3,1016,2,2022-01-05,2022-02-07,Filled,47,25,8,2,1,33,Recruiting Agency
R500119,3,1015,4,2021-12-22,2022-02-02,Filled,41,15,5,1,1,42,Career Fair
R500120,5,1025,3,2022-01-07,2022-02-14,Filled,54,29,9,1,1,38,Recruiting Agency
R500121,5,1026,4,2021-12-30,2022-02-08,Filled,64,32,13,2,1,40,Recruiting Agency
R500122,3,1018,4,2022-02-02,2022-03-03,Filled,72,35,12,1,1,29,Employee Referral
R500123,3,1013,1,2022-02-07,2022-03-15,Filled,64,30,10,1,1,36,Employee Referral
R500124,3,1016,2,2022-02-07,2022-03-28,Filled,23,12,3,1,1,49,Company Website
R500125,3,1016,2,2022-02-14,2022-03-20,Filled,28,10,2,1,1,34,Career Fair
R500126,5,1027,1,2022-02-15,2022-03-04,Filled,71,26,11,2,1,17,LinkedIn
R500127,1,1000,2,2022-03-31,2022-04-23,Filled,52,18,5,1,1,23,Job Board
R500128,2,1008,1,2022-02-23,2022-04-13,Filled,8,3,1,1,1,49,LinkedIn
R500129,3,1016,5,2022-04-18,2022-04-28,Filled,30,11,3,1,1,10,Job Board
R500130,3,1013,4,2022-02-23,2022-04-11,Filled,45,24,7,1,1,47,Job Board
R500131,5,1024,1,2022-03-30,2022-04-24,Filled,8,3,1,1,1,25,University Recruiting
R500132,5,1028,5,2022-03-16,2022-04-13,Filled,54,26,11,2,1,28,Recruiting Agency
R500133,1,1004,2,2022-04-18,2022-05-19,Filled,92,41,11,2,1,31,Employee Referral
R500134,1,1000,1,2022-03-13,2022-05-10,Filled,85,46,19,6,1,58,Company Website
R500135,3,1018,1,2022-04-28,2022-05-20,Filled,47,20,5,1,1,22,Employee Referral
R500136,5,1026,1,2022-04-20,2022-05-23,Filled,62,27,10,3,1,33,LinkedIn
R500137,7,1034,2,2022-04-06,2022-05-08,Filled,10,5,2,1,1,32,Company Website
R500138,8,1042,3,2022-04-18,2022-05-24,Filled,47,22,8,2,1,36,LinkedIn
R500139,9,1045,1,2022-04-15,2022-05-18,Filled,22,8,3,1,1,33,Career Fair
R500140,1,1005,4,2022-05-12,2022-06-05,Filled,31,15,4,1,1,24,LinkedIn
R500141,3,1018,5,2022-05-17,2022-06-18,Filled,87,40,17,5,1,32,LinkedIn
R500142,3,1018,5,2022-04-20,2022-06-20,Filled,74,28,8,1,1,61,Employee Referral
R500143,3,1014,3,2022-05-06,2022-06-24,Filled,19,10,4,1,1,49,Job Board
R500144,3,1013,5,2022-05-09,2022-06-08,Filled,37,15,5,1,1,30,Career Fair
R500145,5,1027,1,2022-05-07,2022-06-14,Filled,52,25,8,2,1,38,Job Board
R500146,5,1025,1,2022-05-14,2022-06-14,Filled,51,18,7,1,1,31,Employee Referral
R500147,9,1046,5,2022-06-12,2022-06-23,Filled,65,27,6,1,1,11,University Recruiting
R500148,9,1045,3,2022-05-18,2022-06-10,Filled,36,16,4,1,1,23,Employee Referral
R500149,9,1045,1,2022-05-30,2022-06-27,Filled,8,4,1,1,1,28,Job Board
R500150,1,1006,5,2022-05-22,2022-07-13,Filled,24,11,3,1,1,52,Recruiting Agency
R500151,3,1018,4,2022-06-13,2022-07-09,Filled,38,16,6,1,1,26,LinkedIn
R500152,3,1013,4,2022-05-26,2022-07-06,Filled,67,26,11,3,1,41,Recruiting Agency
R500153,4,1022,5,2022-05-27,2022-07-09,Filled,38,16,7,1,1,43,Company Website
R500154,4,1021,5,2022-06-24,2022-07-04,Filled,8,3,1,1,1,10,Recruiting Agency
R500155,4,1019,3,2022-06-10,2022-07-25,Filled,36,15,6,1,1,45,Employee Referral
R500156,5,1028,2,2022-05-27,2022-07-02,Filled,28,11,3,1,1,36,University Recruiting
R500157,5,1024,1,2022-06-24,2022-07-19,Filled,71,26,9,2,1,25,University Recruiting
R500158,5,1026,5,2022-06-09,2022-07-18,Filled,62,31,10,1,1,39,Employee Referral
R500159,9,1044,1,2022-05-24,2022-07-08,Filled,40,16,6,1,1,45,Career Fair
R500160,1,1002,1,2022-07-16,2022-08-04,Filled,31,11,4,1,1,19,LinkedIn
R500161,1,1001,5,2022-07-04,2022-08-06,Filled,56,27,7,1,1,33,Career Fair
R500162,2,1009,5,2022-07-23,2022-08-28,Filled,53,19,7,1,1,36,Job Board
R500163,2,1008,3,2022-07-01,2022-08-03,Filled,101,39,11,2,1,33,University Recruiting
R500164,3,1013,3,2022-06-27,2022-08-10,Filled,22,7,2,1,1,44,LinkedIn
R500165,3,1014,4,2022-06-26,2022-08-10,Filled,8,3,0,1,1,45,Employee Referral
R500166,3,1017,3,2022-07-12,2022-08-16,Filled,14,7,2,1,1,35,Recruiting Agency
R500167,3,1015,5,2022-07-03,2022-08-15,Filled,47,19,6,1,1,43,University Recruiting
R500168,5,1024,3,2022-07-13,2022-08-15,Filled,36,17,4,1,1,33,LinkedIn
R500169,9,1045,5,2022-07-07,2022-08-14,Filled,57,22,8,2,1,38,University Recruiting
R500170,1,1007,2,2022-08-11,2022-09-24,Filled,63,29,12,2,1,44,Employee Referral
R500171,1,1004,5,2022-08-24,2022-09-24,Filled,51,21,7,1,1,31,Employee Referral
R500172,2,1011,6,2022-08-01,2022-09-04,Filled,48,21,7,2,1,34,Company Website
R500173,3,1017,1,2022-08-16,2022-09-27,Filled,48,17,7,1,1,42,LinkedIn
R500174,3,1017,6,2022-07-26,2022-09-01,Filled,34,13,4,1,1,37,University Recruiting
R500175,3,1017,4,2022-07-17,2022-09-20,Filled,41,20,8,2,1,65,Employee Referral
R500176,3,1018,2,2022-07-25,2022-09-02,Filled,41,22,5,1,1,39,Recruiting Agency
R500177,4,1020,1,2022-07-30,2022-09-03,Filled,18,9,2,1,1,35,Job Board
R500178,5,1024,1,2022-08-23,2022-09-22,Filled,35,14,6,1,1,30,Recruiting Agency
R500179,5,1027,1,2022-08-04,2022-09-15,Filled,54,26,10,1,1,42,University Recruiting
R500180,6,1030,1,2022-08-13,2022-09-09,Filled,40,21,5,1,1,27,LinkedIn
R500181,8,1043,4,2022-08-19,2022-09-01,Filled,43,15,4,1,1,13,Career Fair
R500182,9,1046,5,2022-08-19,2022-09-18,Filled,21,10,3,1,1,30,LinkedIn
R500183,10,1053,4,2022-07-19,2022-09-06,Filled,85,31,12,2,1,49,Career Fair
R500184,1,1007,6,2022-09-17,2022-10-27,Filled,18,8,2,1,1,40,University Recruiting
R500185,1,1001,2,2022-09-08,2022-10-13,Filled,18,7,2,1,1,35,Company Website
R500186,3,1018,1,2022-09-17,2022-10-15,Filled,54,19,4,1,1,28,Company Website
R500187,3,1013,1,2022-09-24,2022-10-24,Filled,20,10,3,1,1,30,LinkedIn
R500188,5,1024,3,2022-08-18,2022-10-06,Filled,77,33,13,3,1,49,Job Board
R500189,5,1024,4,2022-10-07,2022-10-27,Filled,59,24,10,2,1,20,Career Fair
R500190,9,1046,4,2022-08-20,2022-10-06,Filled,65,24,7,2,1,47,Recruiting Agency
R500191,1,1001,1,2022-09-11,2022-11-03,Filled,49,20,5,1,1,53,Company Website
R500192,3,1014,1,2022-10-24,2022-11-06,Filled,41,21,7,2,1,13,Recruiting Agency
R500193,4,1019,1,2022-10-26,2022-11-20,Filled,44,20,8,2,1,25,Recruiting Agency
R500194,5,1027,2,2022-10-03,2022-11-14,Filled,46,24,10,2,1,42,University Recruiting
R500195,5,1025,5,2022-10-18,2022-11-14,Filled,48,19,5,1,1,27,Company Website
R500196,10,1050,2,2022-11-06,2022-11-26,Filled,47,19,4,1,1,20,Recruiting Agency
R500197,10,1049,1,2022-10-04,2022-11-18,Filled,36,12,4,1,1,45,Job Board
R500198,1,1000,4,2022-11-16,2022-12-25,Filled,69,37,11,1,1,39,Job Board
R500199,1,1006,1,2022-10-27,2022-12-21,Filled,79,32,13,2,1,55,Company Website
R500200,2,1008,3,2022-10-29,2022-12-07,Filled,44,16,6,1,1,39,LinkedIn
R500201,3,1014,2,2022-11-24,2022-12-27,Filled,99,51,16,3,1,33,LinkedIn
R500202,5,1028,5,2022-11-29,2022-12-28,Filled,55,24,10,3,1,29,Employee Referral
R500203,9,1048,1,2022-10-28,2022-12-11,Filled,54,24,7,2,1,44,Employee Referral
R500204,10,1051,1,2022-11-01,2022-12-26,Filled,37,13,5,1,1,55,Job Board
R500205,1,1002,5,2022-12-28,2023-01-24,Filled,65,29,10,2,1,27,Employee Referral
R500206,1,1005,1,2022-12-05,2023-01-07,Filled,42,21,5,1,1,33,University Recruiting
R500207,1,1004,4,2022-12-23,2023-01-20,Filled,49,25,10,3,1,28,Company Website
R500208,1,1005,1,2022-12-28,2023-01-15,Filled,61,29,10,2,1,18,University Recruiting
R500209,2,1008,6,2022-12-23,2023-01-16,Filled,32,13,5,1,1,24,LinkedIn
R500210,3,1013,2,2022-12-13,2023-01-24,Filled,23,11,2,1,1,42,Career Fair
R500211,3,1018,2,2022-12-07,2023-01-04,Filled,68,29,11,2,1,28,Job Board
R500212,3,1018,5,2023-01-06,2023-01-28,Filled,47,25,7,1,1,22,Company Website
R500213,5,1025,5,2022-12-02,2023-01-06,Filled,8,3,1,1,1,35,Career Fair
R500214,5,1024,1,2022-12-19,2023-01-19,Filled,30,11,3,1,1,31,University Recruiting
R500215,5,1027,2,2023-01-02,2023-01-25,Filled,34,16,5,1,1,23,Recruiting Agency
R500216,6,1032,4,2022-12-24,2023-01-04,Filled,70,36,9,2,1,11,Job Board
R500217,8,1040,1,2022-12-29,2023-01-14,Filled,43,23,9,1,1,16,Recruiting Agency
R500218,10,1050,4,2022-12-03,2023-01-16,Filled,48,25,6,1,1,44,LinkedIn
R500219,1,1002,6,2023-01-15,2023-02-27,Filled,40,21,7,1,1,43,LinkedIn
R500220,1,1003,2,2023-01-03,2023-02-20,Filled,76,34,12,2,1,48,LinkedIn
R500221,1,1001,4,2023-01-25,2023-02-11,Filled,50,25,6,1,1,17,Recruiting Agency
R500222,1,1002,3,2023-01-03,2023-02-19,Filled,27,13,4,1,1,47,Job Board
R500223,2,1008,2,2022-12-31,2023-02-22,Filled,68,30,13,2,1,53,Employee Referral
R500224,3,1018,5,2022-12-29,2023-02-03,Filled,44,19,4,1,1,36,Career Fair
R500225,3,1013,1,2022-12-19,2023-02-16,Filled,57,26,7,1,1,59,LinkedIn
R500226,3,1014,6,2023-01-15,2023-02-21,Filled,36,17,4,1,1,37,University Recruiting
R500227,5,1026,2,2023-01-26,2023-02-28,Filled,62,29,7,1,1,33,Employee Referral
R500228,5,1024,6,2022-12-13,2023-02-11,Filled,13,5,1,1,1,60,Job Board
R500229,10,1051,1,2023-01-12,2023-02-22,Filled,69,36,12,1,1,41,Employee Referral
R500230,1,1004,3,2023-01-30,2023-03-07,Filled,59,25,9,1,1,36,Employee Referral
R500231,3,1014,4,2023-03-06,2023-03-18,Filled,71,36,10,3,1,12,LinkedIn
R500232,3,1014,5,2023-02-07,2023-03-02,Filled,34,14,4,1,1,23,Career Fair
R500233,3,1014,5,2023-02-25,2023-03-27,Filled,62,32,12,2,1,30,Company Website
R500234,5,1024,6,2023-01-08,2023-03-03,Filled,48,17,5,1,1,54,Company Website
R500235,5,1025,5,2023-01-26,2023-03-07,Filled,68,36,9,2,1,40,Employee Referral
R500236,1,1000,5,2023-03-22,2023-04-27,Filled,41,20,7,1,1,36,University Recruiting
R500237,1,1004,2,2023-03-09,2023-04-14,Filled,32,13,4,1,1,36,Company Website
R500238,2,1008,2,2023-03-20,2023-04-20,Filled,55,24,8,2,1,31,Job Board
R500239,3,1014,2,2023-03-16,2023-04-01,Filled,47,22,6,1,1,16,Career Fair
R500240,3,1015,2,2023-03-23,2023-04-14,Filled,9,4,1,1,1,22,Employee Referral
R500241,3,1013,2,2023-02-25,2023-04-18,Filled,59,23,6,1,1,52,Recruiting Agency
R500242,4,1020,4,2023-03-30,2023-04-25,Filled,8,3,1,1,1,26,Recruiting Agency
R500243,4,1023,1,2023-03-23,2023-04-20,Filled,87,40,17,3,1,28,LinkedIn
R500244,9,1046,4,2023-03-14,2023-04-24,Filled,67,30,8,2,1,41,University Recruiting
R500245,10,1052,2,2023-02-22,2023-04-07,Filled,59,25,11,3,1,44,Job Board
R500246,1,1007,3,2023-04-20,2023-05-26,Filled,22,9,3,1,1,36,Company Website
R500247,2,1012,4,2023-03-26,2023-05-01,Filled,17,6,1,1,1,36,Job Board
R500248,2,1011,5,2023-05-09,2023-05-22,Filled,30,10,2,1,1,13,Company Website
R500249,3,1013,5,2023-02-23,2023-05-05,Filled,52,28,8,1,1,71,University Recruiting
R500250,3,1015,4,2023-04-01,2023-05-02,Filled,94,39,13,2,1,31,Recruiting Agency
R500251,3,1016,6,2023-04-11,2023-05-25,Filled,51,20,7,1,1,44,Job Board
R500252,3,1013,1,2023-03-29,2023-05-19,Filled,52,24,6,1,1,51,Job Board
R500253,4,1022,5,2023-04-25,2023-05-15,Filled,54,29,11,3,1,20,Company Website
R500254,4,1019,5,2023-04-13,2023-05-24,Filled,41,22,6,1,1,41,Company Website
R500255,5,1027,5,2023-04-07,2023-05-01,Filled,58,31,12,4,1,24,Job Board
R500256,5,1025,4,2023-03-21,2023-05-03,Filled,66,31,11,1,1,43,Career Fair
R500257,5,1024,1,2023-04-06,2023-05-16,Filled,79,41,17,5,1,40,Recruiting Agency
R500258,10,1052,1,2023-03-21,2023-05-01,Filled,31,15,6,1,1,41,Employee Referral
R500259,1,1001,3,2023-05-20,2023-06-26,Filled,71,31,9,1,1,37,Recruiting Agency
R500260,1,1006,1,2023-05-25,2023-06-28,Filled,81,39,16,5,1,34,LinkedIn
R500261,3,1013,1,2023-04-23,2023-06-05,Filled,32,11,3,1,1,43,Recruiting Agency
R500262,3,1013,2,2023-05-24,2023-06-21,Filled,63,33,9,3,1,28,Recruiting Agency
R500263,3,1016,4,2023-06-03,2023-06-28,Filled,56,21,7,1,1,25,Employee Referral
R500264,3,1015,1,2023-05-21,2023-06-13,Filled,26,12,4,1,1,23,Company Website
R500265,3,1015,1,2023-05-20,2023-06-24,Filled,31,14,4,1,1,35,University Recruiting
R500266,4,1020,2,2023-05-16,2023-06-25,Filled,67,35,11,1,1,40,Job Board
R500267,4,1022,1,2023-04-20,2023-06-01,Filled,65,28,12,2,1,42,LinkedIn
R500268,5,1024,5,2023-05-22,2023-06-14,Filled,40,20,7,2,1,23,Company Website
R500269,5,1024,5,2023-05-17,2023-06-18,Filled,32,16,6,1,1,32,Job Board
R500270,5,1025,1,2023-04-24,2023-06-06,Filled,42,18,4,1,1,43,Job Board
R500271,5,1028,2,2023-06-04,2023-06-17,Filled,38,14,5,1,1,13,LinkedIn
R500272,5,1025,1,2023-05-08,2023-06-23,Filled,44,22,6,1,1,46,Career Fair
R500273,10,1049,2,2023-04-27,2023-06-05,Filled,15,7,1,1,1,39,Career Fair
R500274,1,1001,5,2023-05-22,2023-07-08,Filled,63,29,10,1,1,47,Recruiting Agency
R500275,1,1002,5,2023-07-11,2023-07-24,Filled,33,14,4,1,1,13,Recruiting Agency
R500276,2,1012,4,2023-06-22,2023-07-26,Filled,26,11,4,1,1,34,Company Website
R500277,3,1018,4,2023-06-03,2023-07-12,Filled,41,21,9,2,1,39,Career Fair
R500278,5,1027,1,2023-07-05,2023-07-27,Filled,16,6,2,1,1,22,LinkedIn
R500279,5,1025,5,2023-06-09,2023-07-24,Filled,77,31,7,1,1,45,Company Website
R500280,1,1006,1,2023-07-19,2023-08-18,Filled,60,28,10,2,1,30,Career Fair
R500281,1,1007,2,2023-07-13,2023-08-12,Filled,22,11,4,1,1,30,Career Fair
R500282,2,1012,2,2023-06-14,2023-08-05,Filled,33,11,4,1,1,52,Job Board
R500283,3,1013,1,2023-07-03,2023-08-02,Filled,40,17,6,1,1,30,Company Website
R500284,3,1014,2,2023-07-14,2023-08-25,Filled,41,17,6,1,1,42,Career Fair
R500285,3,1018,2,2023-07-10,2023-08-19,Filled,69,35,13,2,1,40,Company Website
R500286,5,1024,5,2023-08-10,2023-08-21,Filled,51,27,9,1,1,11,Employee Referral
R500287,5,1026,1,2023-07-27,2023-08-19,Filled,26,10,2,1,1,23,Employee Referral
R500288,6,1031,5,2023-07-15,2023-08-17,Filled,38,15,4,1,1,33,Recruiting Agency
R500289,6,1031,2,2023-06-07,2023-08-13,Filled,42,18,7,1,1,67,Employee Referral
R500290,6,1031,4,2023-08-13,2023-08-23,Filled,35,12,3,1,1,10,Company Website
R500291,1,1006,5,2023-07-17,2023-09-05,Filled,18,6,1,1,1,50,Employee Referral
R500292,1,1000,1,2023-07-23,2023-09-03,Filled,24,11,4,1,1,42,Career Fair
R500293,1,1004,5,2023-08-18,2023-09-01,Filled,21,8,2,1,1,14,Recruiting Agency
R500294,1,1007,1,2023-08-27,2023-09-25,Filled,12,6,2,1,1,29,University Recruiting
R500295,2,1009,6,2023-08-30,2023-09-26,Filled,78,28,7,1,1,27,Company Website
R500296,3,1018,4,2023-08-04,2023-09-12,Filled,58,29,11,3,1,39,LinkedIn
R500297,3,1015,6,2023-08-18,2023-09-21,Filled,90,46,16,3,1,34,LinkedIn
R500298,3,1013,1,2023-08-11,2023-09-01,Filled,25,9,3,1,1,21,Job Board
R500299,3,1018,4,2023-08-23,2023-09-21,Filled,19,10,4,1,1,29,University Recruiting
R500300,4,1022,5,2023-08-06,2023-09-14,Filled,39,14,4,1,1,39,Career Fair
R500301,4,1019,3,2023-08-16,2023-09-14,Filled,86,47,12,1,1,29,LinkedIn
R500302,4,1022,5,2023-08-15,2023-09-22,Filled,61,23,8,1,1,38,LinkedIn
R500303,5,1024,2,2023-08-02,2023-09-15,Filled,9,3,0,1,1,44,University Recruiting
R500304,5,1024,2,2023-08-28,2023-09-27,Filled,34,12,5,1,1,30,Career Fair
R500305,5,1028,2,2023-08-24,2023-09-22,Filled,71,31,13,4,1,29,Recruiting Agency
R500306,7,1034,4,2023-08-22,2023-09-22,Filled,45,20,6,1,1,31,LinkedIn
R500307,9,1046,1,2023-07-26,2023-09-05,Filled,52,26,7,1,1,41,University Recruiting
R500308,9,1045,4,2023-08-18,2023-09-20,Filled,48,24,8,2,1,33,Career Fair
R500309,10,1050,2,2023-08-13,2023-09-11,Filled,88,31,9,1,1,29,University Recruiting
R500310,10,1050,4,2023-07-16,2023-09-02,Filled,56,21,5,1,1,48,Job Board
R500311,1,1001,6,2023-09-15,2023-10-06,Filled,47,23,6,1,1,21,Company Website
R500312,1,1007,1,2023-09-17,2023-10-20,Filled,64,26,11,2,1,33,University Recruiting
R500313,1,1001,1,2023-08-02,2023-10-02,Filled,50,19,6,1,1,61,Job Board
R500314,2,1008,1,2023-09-10,2023-10-16,Filled,47,17,5,1,1,36,Career Fair
R500315,3,1013,2,2023-08-24,2023-10-06,Filled,44,20,6,1,1,43,Company Website
R500316,3,1013,5,2023-09-21,2023-10-25,Filled,39,18,5,1,1,34,Career Fair
R500317,5,1024,2,2023-08-21,2023-10-10,Filled,8,3,1,1,1,50,University Recruiting
R500318,5,1028,6,2023-09-06,2023-10-22,Filled,45,17,5,1,1,46,University Recruiting
R500319,1,1007,5,2023-10-26,2023-11-27,Filled,44,23,8,2,1,32,Recruiting Agency
R500320,1,1006,3,2023-10-25,2023-11-25,Filled,8,4,1,1,1,31,Company Website
R500321,3,1013,6,2023-09-21,2023-11-09,Filled,42,23,6,1,1,49,Career Fair
R500322,3,1013,5,2023-10-31,2023-11-10,Filled,14,6,2,1,1,10,Career Fair
R500323,5,1028,1,2023-09-30,2023-11-17,Filled,18,8,2,1,1,48,University Recruiting
R500324,5,1024,1,2023-11-05,2023-11-26,Filled,56,21,7,2,1,21,Career Fair
R500325,5,1024,3,2023-10-31,2023-11-24,Filled,77,29,11,1,1,24,Company Website
R500326,1,1001,5,2023-11-24,2023-12-26,Filled,43,16,6,1,1,32,Career Fair
R500327,3,1014,2,2023-11-24,2023-12-26,Filled,63,28,9,2,1,32,LinkedIn
R500328,3,1013,5,2023-11-25,2023-12-07,Filled,23,9,3,1,1,12,Recruiting Agency
R500329,4,1021,2,2023-11-03,2023-12-16,Filled,79,33,14,3,1,43,Employee Referral
R500330,9,1046,1,2023-10-25,2023-12-02,Filled,61,28,12,2,1,38,Job Board
R500331,10,1053,4,2023-11-10,2023-12-14,Filled,38,16,5,1,1,34,Company Website
R500332,1,1006,6,2023-12-18,2024-01-14,Filled,32,15,4,1,1,27,Recruiting Agency
R500333,1,1001,2,2023-12-19,2024-01-08,Filled,29,12,3,1,1,20,Company Website
R500334,1,1006,5,2023-12-08,2024-01-19,Filled,53,25,8,2,1,42,Job Board
R500335,2,1012,1,2023-12-11,2024-01-09,Filled,35,18,6,1,1,29,Job Board
R500336,3,1015,1,2023-12-04,2024-01-08,Filled,51,25,7,1,1,35,Employee Referral
R500337,3,1018,1,2023-12-17,2024-01-18,Filled,23,9,3,1,1,32,Recruiting Agency
R500338,3,1015,4,2023-12-13,2024-01-15,Filled,57,28,11,1,1,33,Recruiting Agency
R500339,4,1019,4,2023-12-26,2024-01-28,Filled,51,26,7,1,1,33,Employee Referral
R500340,5,1027,6,2023-12-02,2024-01-08,Filled,82,35,12,3,1,37,Employee Referral
R500341,5,1025,2,2023-12-10,2024-01-10,Filled,28,14,5,1,1,31,Career Fair
R500342,5,1024,1,2024-01-05,2024-01-27,Filled,26,12,4,1,1,22,Employee Referral
R500343,7,1037,5,2023-12-17,2024-01-09,Filled,25,9,2,1,1,23,Job Board
R500344,7,1039,2,2023-12-28,2024-01-09,Filled,39,19,5,1,1,12,Recruiting Agency
R500345,9,1048,5,2023-12-22,2024-01-01,Filled,74,30,12,3,1,10,Career Fair
R500346,10,1053,5,2023-12-11,2024-01-04,Filled,48,22,8,2,1,24,Company Website
R500347,1,1000,5,2024-01-07,2024-02-19,Filled,59,26,8,1,1,43,Company Website
R500348,1,1000,4,2024-01-12,2024-02-08,Filled,69,36,14,4,1,27,Career Fair
R500349,3,1013,2,2024-01-23,2024-02-04,Filled,51,24,8,1,1,12,Recruiting Agency
R500350,3,1013,5,2024-01-08,2024-02-13,Filled,59,21,8,2,1,36,Company Website
R500351,3,1013,2,2023-12-27,2024-02-10,Filled,61,24,7,2,1,45,Job Board
R500352,3,1015,1,2024-01-07,2024-02-12,Filled,41,21,5,1,1,36,Employee Referral
R500353,3,1013,6,2023-12-25,2024-02-13,Filled,60,30,10,2,1,50,Recruiting Agency
R500354,4,1021,1,2024-01-14,2024-02-15,Filled,57,23,8,1,1,32,Recruiting Agency
R500355,5,1024,3,2024-01-09,2024-02-17,Filled,29,12,3,1,1,39,Recruiting Agency
R500356,5,1025,2,2024-01-26,2024-02-25,Filled,39,14,4,1,1,30,Recruiting Agency
R500357,6,1029,2,2024-01-12,2024-02-15,Filled,15,6,2,1,1,34,Company Website
R500358,7,1036,5,2024-01-22,2024-02-22,Filled,68,36,12,3,1,31,Employee Referral
R500359,10,1051,3,2024-01-10,2024-02-21,Filled,29,13,5,1,1,42,Recruiting Agency
R500360,1,1007,1,2024-02-11,2024-03-12,Filled,54,29,7,2,1,30,Career Fair
R500361,1,1004,1,2024-03-03,2024-03-13,Filled,29,13,4,1,1,10,Recruiting Agency
R500362,3,1015,2,2024-03-06,2024-03-16,Filled,49,17,6,1,1,10,Company Website
R500363,3,1013,5,2024-02-12,2024-03-20,Filled,41,22,5,1,1,37,Career Fair
R500364,4,1019,1,2024-01-26,2024-03-09,Filled,79,32,14,4,1,43,Career Fair
R500365,4,1019,3,2024-01-30,2024-03-10,Filled,48,17,4,1,1,40,Company Website
R500366,5,1027,2,2024-01-30,2024-03-14,Filled,64,29,9,3,1,44,Career Fair
R500367,7,1034,1,2024-02-07,2024-03-18,Filled,57,25,9,2,1,40,Career Fair
R500368,10,1050,4,2024-01-30,2024-03-27,Filled,56,20,7,1,1,57,LinkedIn
R500369,1,1006,2,2024-03-20,2024-04-16,Filled,70,27,9,3,1,27,University Recruiting
R500370,3,1016,5,2024-03-29,2024-04-28,Filled,19,10,3,1,1,30,Career Fair
R500371,3,1013,1,2024-03-18,2024-04-14,Filled,67,28,12,4,1,27,Career Fair
R500372,1,1003,6,2024-03-24,2024-05-13,Filled,50,19,7,1,1,50,Company Website
R500373,1,1004,6,2024-05-06,2024-05-23,Filled,69,27,6,1,1,17,LinkedIn
R500374,3,1013,1,2024-03-30,2024-05-12,Filled,98,37,13,3,1,43,Company Website
R500375,3,1014,5,2024-05-17,2024-05-27,Filled,46,20,8,1,1,10,Career Fair
R500376,4,1022,2,2024-04-24,2024-05-27,Filled,52,18,6,1,1,33,Job Board
R500377,4,1023,4,2024-04-12,2024-05-16,Filled,8,3,1,1,1,34,Employee Referral
R500378,4,1020,6,2024-04-19,2024-05-18,Filled,40,14,4,1,1,29,Employee Referral
R500379,5,1024,4,2024-04-13,2024-05-22,Filled,26,12,4,1,1,39,Job Board
R500380,5,1025,2,2024-04-21,2024-05-19,Filled,42,17,6,1,1,28,University Recruiting
R500381,7,1035,1,2024-04-18,2024-05-19,Filled,57,20,7,1,1,31,LinkedIn
R500382,9,1045,2,2024-04-13,2024-05-23,Filled,26,12,3,1,1,40,LinkedIn
R500383,10,1053,4,2024-04-04,2024-05-10,Filled,18,8,2,1,1,36,Career Fair
R500384,1,1003,5,2024-05-08,2024-06-08,Filled,8,3,0,1,1,31,Employee Referral
R500385,1,1003,5,2024-05-11,2024-06-07,Filled,72,33,11,2,1,27,Company Website
R500386,2,1009,3,2024-05-21,2024-06-09,Filled,67,35,10,2,1,19,Employee Referral
R500387,2,1009,2,2024-05-26,2024-06-10,Filled,30,13,5,1,1,15,Recruiting Agency
R500388,3,1017,1,2024-04-18,2024-06-17,Filled,8,3,0,1,1,60,Career Fair
R500389,3,1013,1,2024-05-18,2024-06-25,Filled,37,14,4,1,1,38,LinkedIn
R500390,3,1018,1,2024-05-23,2024-06-02,Filled,37,18,5,1,1,10,Employee Referral
R500391,5,1028,2,2024-06-11,2024-06-21,Filled,30,15,4,1,1,10,Career Fair
R500392,5,1027,1,2024-05-12,2024-06-23,Filled,41,22,6,1,1,42,Recruiting Agency
R500393,5,1025,3,2024-05-08,2024-06-20,Filled,40,14,3,1,1,43,Job Board
R500394,7,1034,4,2024-06-06,2024-06-16,Filled,53,20,6,1,1,10,Career Fair
R500395,10,1049,4,2024-05-05,2024-06-25,Filled,66,23,8,1,1,51,Recruiting Agency
R500396,1,1001,2,2024-06-04,2024-07-18,Filled,72,26,11,2,1,44,Job Board
R500397,1,1002,1,2024-07-10,2024-07-25,Filled,63,29,10,3,1,15,University Recruiting
R500398,1,1000,2,2024-07-01,2024-07-22,Filled,35,15,3,1,1,21,Employee Referral
R500399,2,1009,1,2024-07-03,2024-07-13,Filled,103,52,16,3,1,10,University Recruiting
R500400,3,1013,1,2024-05-17,2024-07-11,Filled,15,6,1,1,1,55,Company Website
R500401,3,1014,1,2024-06-26,2024-07-28,Filled,40,15,5,1,1,32,Recruiting Agency
R500402,3,1013,2,2024-06-04,2024-07-16,Filled,72,38,17,3,1,42,Job Board
R500403,5,1027,5,2024-05-28,2024-07-16,Filled,92,43,16,4,1,49,Recruiting Agency
R500404,5,1025,4,2024-05-19,2024-07-01,Filled,49,24,7,1,1,43,Company Website
R500405,8,1043,1,2024-05-25,2024-07-04,Filled,52,23,9,1,1,40,Recruiting Agency
R500406,10,1053,3,2024-06-13,2024-07-19,Filled,31,13,4,1,1,36,Career Fair
R500407,10,1053,5,2024-06-19,2024-07-04,Filled,79,32,8,1,1,15,Employee Referral
R500408,1,1001,1,2024-06-28,2024-08-04,Filled,23,12,4,1,1,37,Career Fair
R500409,1,1000,4,2024-07-07,2024-08-05,Filled,27,10,2,1,1,29,Employee Referral
R500410,1,1001,5,2024-07-12,2024-08-04,Filled,40,14,5,1,1,23,Job Board
R500411,3,1017,5,2024-07-07,2024-08-16,Filled,26,10,3,1,1,40,LinkedIn
R500412,3,1016,4,2024-07-16,2024-08-08,Filled,62,32,13,4,1,23,University Recruiting
R500413,3,1013,2,2024-07-07,2024-08-27,Filled,55,22,6,1,1,51,Career Fair
R500414,5,1024,1,2024-07-28,2024-08-16,Filled,60,25,6,1,1,19,Recruiting Agency
R500415,5,1027,3,2024-06-30,2024-08-07,Filled,56,24,8,1,1,38,Recruiting Agency
R500416,8,1040,5,2024-07-22,2024-08-16,Filled,24,12,3,1,1,25,Recruiting Agency
R500417,1,1002,1,2024-07-30,2024-09-12,Filled,31,12,5,1,1,44,Company Website
R500418,1,1000,1,2024-08-11,2024-09-17,Filled,65,24,10,1,1,37,Company Website
R500419,1,1004,5,2024-07-26,2024-09-07,Filled,68,30,11,3,1,43,Career Fair
R500420,2,1012,3,2024-08-11,2024-09-16,Filled,53,22,9,1,1,36,LinkedIn
R500421,3,1017,2,2024-08-01,2024-09-10,Filled,72,38,17,5,1,40,LinkedIn
R500422,3,1018,5,2024-09-07,2024-09-17,Filled,76,38,14,4,1,10,Recruiting Agency
R500423,3,1015,5,2024-08-19,2024-09-04,Filled,42,21,6,1,1,16,Employee Referral
R500424,3,1018,2,2024-08-10,2024-09-10,Filled,23,9,3,1,1,31,Company Website
R500425,3,1014,5,2024-08-12,2024-09-18,Filled,43,21,6,1,1,37,Employee Referral
R500426,4,1023,1,2024-08-11,2024-09-18,Filled,34,12,3,1,1,38,Job Board
R500427,5,1025,5,2024-08-26,2024-09-25,Filled,33,12,3,1,1,30,Employee Referral
R500428,5,1024,5,2024-08-04,2024-09-09,Filled,57,31,12,4,1,36,LinkedIn
R500429,5,1027,5,2024-09-11,2024-09-21,Filled,60,22,8,2,1,10,Company Website
R500430,6,1030,4,2024-08-24,2024-09-24,Filled,18,9,2,1,1,31,University Recruiting
R500431,7,1039,4,2024-08-11,2024-09-19,Filled,59,23,9,1,1,39,University Recruiting
R500432,1,1001,2,2024-09-25,2024-10-07,Filled,80,39,10,2,1,12,University Recruiting
R500433,3,1014,4,2024-10-10,2024-10-25,Filled,55,24,8,2,1,15,Career Fair
R500434,5,1024,1,2024-08-17,2024-10-12,Filled,40,20,5,1,1,56,LinkedIn
R500435,5,1024,3,2024-08-27,2024-10-03,Filled,39,18,4,1,1,37,University Recruiting
R500436,8,1041,2,2024-09-07,2024-10-20,Filled,16,5,1,1,1,43,Job Board
R500437,2,1012,5,2024-10-05,2024-11-11,Filled,41,15,3,1,1,37,Job Board
R500438,2,1008,3,2024-10-01,2024-11-15,Filled,81,29,11,2,1,45,Company Website
R500439,3,1013,5,2024-10-08,2024-11-11,Filled,46,23,9,2,1,34,Recruiting Agency
R500440,3,1013,6,2024-10-12,2024-11-28,Filled,45,23,7,1,1,47,Job Board
R500441,3,1014,1,2024-10-18,2024-11-06,Filled,79,38,12,3,1,19,Job Board
R500442,5,1027,1,2024-09-20,2024-11-05,Filled,48,21,7,1,1,46,Recruiting Agency
R500443,5,1024,1,2024-10-17,2024-11-13,Filled,49,22,9,2,1,27,Job Board
R500444,10,1049,1,2024-10-08,2024-11-08,Filled,59,22,6,2,1,31,Employee Referral
R500445,10,1049,2,2024-10-04,2024-11-04,Filled,67,24,8,2,1,31,LinkedIn
R500446,1,1007,5,2024-11-20,2024-12-28,Filled,83,34,8,2,1,38,LinkedIn
R500447,1,1000,5,2024-11-18,2024-12-01,Filled,49,22,9,1,1,13,Job Board
R500448,2,1008,1,2024-10-25,2024-12-25,Filled,80,35,12,3,1,61,Recruiting Agency
R500449,3,1015,5,2024-11-05,2024-12-15,Filled,42,21,8,1,1,40,Job Board
R500450,3,1015,1,2024-11-25,2024-12-19,Filled,85,32,13,2,1,24,Company Website
R500451,5,1027,1,2024-11-10,2024-12-21,Filled,66,35,14,2,1,41,Employee Referral
R500452,5,1024,6,2024-11-09,2024-12-22,Filled,66,34,11,2,1,43,LinkedIn
R500453,5,1024,4,2024-11-14,2024-12-07,Filled,33,17,6,1,1,23,Recruiting Agency
R500454,7,1035,5,2024-11-10,2024-12-01,Filled,41,18,7,1,1,21,Company Website
R500455,8,1041,1,2024-11-15,2024-12-16,Filled,42,18,5,1,1,31,Employee Referral
R500456,10,1050,3,2024-11-19,2024-12-27,Filled,24,11,3,1,1,38,Job Board
R500457,1,1004,4,2024-12-09,2025-01-16,Filled,47,21,8,1,1,38,Career Fair
R500458,1,1005,1,2024-12-25,2025-01-04,Filled,44,17,7,1,1,10,Career Fair
R500459,1,1001,6,2024-12-19,2025-01-17,Filled,79,33,14,2,1,29,Company Website
R500460,1,1004,1,2024-12-26,2025-01-24,Filled,46,17,5,1,1,29,Recruiting Agency
R500461,2,1012,4,2024-11-25,2025-01-04,Filled,70,28,9,2,1,40,University Recruiting
R500462,2,1010,5,2024-12-12,2025-01-16,Filled,69,25,10,3,1,35,University Recruiting
R500463,3,1013,1,2024-12-04,2025-01-17,Filled,76,31,13,3,1,44,Company Website
R500464,3,1017,3,2024-11-28,2025-01-07,Filled,27,10,4,1,1,40,Company Website
R500465,3,1015,1,2024-12-09,2025-01-04,Filled,36,12,3,1,1,26,Job Board
R500466,3,1014,5,2024-11-24,2025-01-02,Filled,55,29,9,2,1,39,Employee Referral
R500467,5,1024,1,2024-12-31,2025-01-21,Filled,66,29,10,2,1,21,University Recruiting
R500468,5,1024,1,2024-12-22,2025-01-26,Filled,58,22,7,1,1,35,Company Website
R500469,5,1024,5,2024-12-07,2025-01-06,Filled,58,20,5,1,1,30,Employee Referral
R500470,5,1027,2,2024-11-08,2025-01-04,Filled,77,28,12,2,1,57,Job Board
R500471,6,1030,5,2024-11-06,2025-01-09,Filled,46,24,7,1,1,64,Company Website
R500472,7,1034,5,2024-12-05,2025-01-04,Filled,49,25,10,3,1,30,LinkedIn
R500473,7,1036,5,2024-12-17,2025-01-22,Filled,80,31,12,2,1,36,Job Board
R500474,10,1053,5,2024-11-29,2025-01-15,Filled,36,16,4,1,1,47,Career Fair
R500475,1,1000,3,2025-02-15,2025-02-25,Filled,74,32,11,3,1,10,University Recruiting
R500476,1,1002,4,2025-01-06,2025-02-15,Filled,59,27,11,3,1,40,University Recruiting
R500477,2,1009,5,2025-01-10,2025-02-13,Filled,66,34,10,2,1,34,Job Board
R500478,3,1016,5,2024-12-28,2025-02-20,Filled,43,21,8,2,1,54,Job Board
R500479,3,1015,3,2025-01-16,2025-02-12,Filled,40,14,5,1,1,27,Job Board
R500480,3,1013,3,2024-12-23,2025-02-18,Filled,28,10,3,1,1,57,LinkedIn
R500481,4,1019,5,2025-01-24,2025-02-08,Filled,70,28,12,2,1,15,University Recruiting
R500482,5,1025,1,2024-12-04,2025-02-12,Filled,43,21,7,1,1,70,Recruiting Agency
R500483,5,1024,6,2025-01-05,2025-02-03,Filled,33,15,5,1,1,29,LinkedIn
R500484,5,1027,4,2024-12-25,2025-02-10,Filled,55,22,7,1,1,47,Company Website
R500485,6,1029,3,2025-01-25,2025-02-21,Filled,41,20,8,2,1,27,Company Website
R500486,6,1032,6,2025-01-05,2025-02-26,Filled,35,14,4,1,1,52,Career Fair
R500487,10,1051,1,2025-01-13,2025-02-21,Filled,61,24,9,1,1,39,Employee Referral
R500488,10,1053,1,2025-01-10,2025-02-01,Filled,95,50,18,5,1,22,Career Fair
R500489,3,1013,4,2025-02-20,2025-03-21,Filled,55,20,8,1,1,29,Career Fair
R500490,3,1016,1,2025-02-03,2025-03-14,Filled,47,22,5,1,1,39,LinkedIn
R500491,3,1018,3,2025-02-09,2025-03-11,Filled,27,10,2,1,1,30,Employee Referral
R500492,4,1021,2,2025-02-06,2025-03-08,Filled,26,12,3,1,1,30,LinkedIn
R500493,5,1027,5,2025-02-06,2025-03-15,Filled,60,29,12,1,1,37,Job Board
R500494,5,1026,4,2025-02-06,2025-03-06,Filled,57,23,6,2,1,28,Recruiting Agency
R500495,6,1029,1,2025-02-27,2025-03-28,Filled,69,37,10,2,1,29,Career Fair
R500496,8,1041,4,2025-01-31,2025-03-15,Filled,21,8,2,1,1,43,Company Website
R500497,10,1049,5,2025-02-02,2025-03-01,Filled,59,26,6,1,1,27,Career Fair
R500498,1,1003,1,2025-03-16,2025-04-11,Filled,39,20,5,1,1,26,Employee Referral
R500499,1,1002,1,2025-03-01,2025-04-08,Filled,49,25,6,1,1,38,Employee Referral
R500500,2,1012,1,2025-03-14,2025-04-27,Filled,27,14,4,1,1,44,Recruiting Agency
R500501,3,1014,1,2025-03-09,2025-04-26,Filled,34,17,5,1,1,48,Career Fair
R500502,3,1015,1,2025-03-14,2025-04-26,Filled,36,15,5,1,1,43,Job Board
R500503,4,1019,1,2025-03-29,2025-04-15,Filled,19,10,4,1,1,17,Employee Referral
R500504,5,1025,5,2025-02-25,2025-04-16,Filled,37,19,5,1,1,50,Company Website
R500505,5,1025,4,2025-04-06,2025-04-21,Filled,29,10,2,1,1,15,Career Fair
R500506,1,1000,5,2025-03-24,2025-05-03,Filled,58,27,10,2,1,40,Employee Referral
R500507,1,1000,4,2025-04-21,2025-05-22,Filled,15,7,1,1,1,31,LinkedIn
R500508,2,1012,2,2025-04-08,2025-05-16,Filled,63,23,9,1,1,38,Career Fair
R500509,3,1016,3,2025-03-31,2025-05-09,Filled,40,14,5,1,1,39,Company Website
R500510,3,1016,1,2025-04-07,2025-05-19,Filled,66,33,11,3,1,42,Employee Referral
R500511,3,1018,1,2025-04-21,2025-05-12,Filled,56,29,9,2,1,21,Career Fair
R500512,3,1017,1,2025-03-18,2025-05-10,Filled,23,10,3,1,1,53,University Recruiting
R500513,3,1015,6,2025-04-20,2025-05-19,Filled,46,20,7,1,1,29,Employee Referral
R500514,5,1024,2,2025-04-10,2025-05-14,Filled,48,22,6,1,1,34,LinkedIn
R500515,5,1027,4,2025-05-10,2025-05-26,Filled,33,14,3,1,1,16,Company Website
R500516,7,1036,1,2025-04-19,2025-05-25,Filled,60,26,7,1,1,36,University Recruiting
R500517,10,1049,5,2025-04-06,2025-05-05,Filled,34,15,4,1,1,29,LinkedIn
R500518,1,1007,5,2025-05-06,2025-06-25,Filled,35,14,5,1,1,50,University Recruiting
R500519,1,1005,3,2025-05-07,2025-06-13,Filled,41,19,6,1,1,37,Recruiting Agency
R500520,3,1013,5,2025-04-23,2025-06-02,Filled,63,23,6,1,1,40,University Recruiting
R500521,3,1013,5,2025-04-28,2025-06-01,Filled,71,32,13,2,1,34,Employee Referral
R500522,5,1025,4,2025-05-16,2025-06-17,Filled,61,23,7,1,1,32,Employee Referral
R500523,5,1026,4,2025-05-08,2025-06-11,Filled,35,19,7,2,1,34,LinkedIn
R500524,9,1046,3,2025-05-17,2025-06-06,Filled,19,10,3,1,1,20,Career Fair
R500525,1,1001,4,2025-06-12,2025-07-12,Filled,49,18,7,2,1,30,Recruiting Agency
R500526,3,1018,2,2025-06-18,2025-07-17,Filled,40,19,5,1,1,29,University Recruiting
R500527,3,1013,3,2025-06-20,2025-07-06,Filled,51,24,6,1,1,16,LinkedIn
R500528,4,1020,4,2025-06-16,2025-07-13,Filled,62,23,8,2,1,27,LinkedIn
R500529,4,1021,5,2025-06-26,2025-07-27,Filled,8,2,0,1,1,31,University Recruiting
R500530,5,1028,1,2025-07-07,2025-07-21,Filled,81,29,10,2,1,14,University Recruiting
R500531,10,1049,5,2025-06-22,2025-07-02,Filled,81,38,9,1,1,10,Employee Referral
R500532,1,1002,5,2025-07-08,2025-08-09,Filled,67,30,7,1,1,32,Recruiting Agency
R500533,1,1004,3,2025-06-25,2025-08-03,Filled,62,29,7,2,1,39,Career Fair
R500534,2,1011,1,2025-07-18,2025-08-23,Filled,39,17,4,1,1,36,Employee Referral
R500535,3,1018,1,2025-07-25,2025-08-21,Filled,38,13,4,1,1,27,Career Fair
R500536,3,1014,4,2025-07-18,2025-08-17,Filled,78,31,8,2,1,30,Recruiting Agency
R500537,4,1022,4,2025-07-24,2025-08-14,Filled,24,8,2,1,1,21,Career Fair
R500538,4,1022,1,2025-07-18,2025-08-03,Filled,57,25,6,1,1,16,University Recruiting
R500539,5,1024,4,2025-07-11,2025-08-14,Filled,8,3,1,1,1,34,University Recruiting
R500540,5,1026,2,2025-07-16,2025-08-19,Filled,35,17,7,1,1,34,Employee Referral
R500541,6,1029,1,2025-07-30,2025-08-19,Filled,42,21,6,1,1,20,Job Board
R500542,10,1049,2,2025-07-19,2025-08-24,Filled,16,6,1,1,1,36,LinkedIn
R500543,1,1002,1,2025-07-28,2025-09-06,Filled,82,44,12,2,1,40,LinkedIn
R500544,1,1001,1,2025-08-18,2025-09-20,Filled,21,8,3,1,1,33,Company Website
R500545,1,1002,4,2025-09-04,2025-09-28,Filled,39,18,7,2,1,24,University Recruiting
R500546,2,1010,2,2025-08-18,2025-09-16,Filled,82,38,14,4,1,29,University Recruiting
R500547,2,1008,3,2025-08-02,2025-09-03,Filled,54,27,12,4,1,32,Company Website
R500548,3,1016,1,2025-07-30,2025-09-02,Filled,49,19,8,1,1,34,Career Fair
R500549,3,1014,5,2025-08-09,2025-09-15,Filled,77,41,11,2,1,37,Job Board
R500550,4,1022,3,2025-09-11,2025-09-28,Filled,61,25,6,1,1,17,LinkedIn
R500551,4,1022,1,2025-08-11,2025-09-12,Filled,35,12,4,1,1,32,University Recruiting
R500552,5,1024,1,2025-08-16,2025-09-09,Filled,67,28,11,3,1,24,University Recruiting
R500553,5,1025,5,2025-08-26,2025-09-05,Filled,79,28,7,1,1,10,Company Website
R500554,5,1024,2,2025-08-09,2025-09-10,Filled,36,16,6,1,1,32,Job Board
R500555,6,1033,1,2025-08-09,2025-09-13,Filled,18,9,3,1,1,35,Career Fair
R500556,6,1029,5,2025-08-04,2025-09-04,Filled,86,31,9,1,1,31,Job Board
R500557,7,1035,2,2025-07-17,2025-09-08,Filled,68,36,16,3,1,53,Recruiting Agency
R500558,9,1046,1,2025-08-10,2025-09-17,Filled,29,13,3,1,1,38,Career Fair
R500559,10,1052,1,2025-08-16,2025-09-19,Filled,44,21,6,2,1,34,Career Fair
R500560,1,1003,2,2025-09-20,2025-10-27,Filled,33,13,4,1,1,37,Employee Referral
R500561,1,1000,4,2025-09-23,2025-10-22,Filled,48,22,6,1,1,29,Job Board
R500562,3,1014,4,2025-08-09,2025-10-02,Filled,9,4,1,1,1,54,Job Board
R500563,4,1023,4,2025-09-04,2025-10-25,Filled,79,42,15,4,1,51,LinkedIn
R500564,4,1019,1,2025-09-25,2025-10-20,Filled,68,32,14,3,1,25,Company Website
R500565,5,1027,1,2025-08-29,2025-10-08,Filled,18,7,2,1,1,40,Career Fair
R500566,5,1024,1,2025-08-25,2025-10-16,Filled,52,22,8,1,1,52,Job Board
R500567,7,1034,1,2025-08-31,2025-10-01,Filled,53,22,7,1,1,31,Job Board
R500568,1,1006,2,2025-10-22,2025-11-25,Filled,41,22,7,2,1,34,University Recruiting
R500569,3,1014,1,2025-10-14,2025-11-28,Filled,33,15,6,1,1,45,Job Board
R500570,3,1014,1,2025-10-26,2025-11-27,Filled,9,4,1,1,1,32,Career Fair
R500571,4,1019,1,2025-11-04,2025-11-23,Filled,50,25,8,1,1,19,LinkedIn
R500572,4,1023,5,2025-10-14,2025-11-23,Filled,47,21,6,2,1,40,Career Fair
R500573,5,1026,1,2025-11-02,2025-11-25,Filled,94,38,14,4,1,23,Job Board
R500574,5,1024,2,2025-11-01,2025-11-20,Filled,73,35,9,3,1,19,Recruiting Agency
R500575,8,1040,5,2025-10-23,2025-11-23,Filled,59,23,6,1,1,31,Company Website
R500576,9,1047,1,2025-10-12,2025-11-04,Filled,15,6,2,1,1,23,Company Website
R500577,1,1004,6,2025-12-06,2025-12-16,Filled,34,14,4,1,1,10,Company Website
R500578,3,1016,4,2025-11-19,2025-12-19,Filled,9,3,1,1,1,30,Recruiting Agency
R500579,3,1014,6,2025-11-16,2025-12-21,Filled,93,40,15,2,1,35,University Recruiting
R500580,3,1018,5,2025-11-13,2025-12-27,Filled,22,11,2,1,1,44,Company Website
R500581,3,1016,3,2025-10-25,2025-12-01,Filled,44,21,7,2,1,37,LinkedIn
R500582,4,1019,5,2025-11-15,2025-12-24,Filled,59,31,12,2,1,39,Company Website
R500583,5,1025,4,2025-10-22,2025-12-18,Filled,18,9,3,1,1,57,Career Fair
R500584,5,1026,1,2025-11-27,2025-12-12,Filled,62,24,8,2,1,15,LinkedIn
R500585,5,1025,1,2025-12-11,2025-12-21,Filled,50,25,8,2,1,10,University Recruiting
R500586,9,1046,1,2025-11-04,2025-12-15,Filled,47,19,7,1,1,41,LinkedIn
R500587,1,1007,6,2025-12-26,2026-01-17,Filled,109,38,11,1,1,22,Career Fair
R500588,1,1006,1,2025-11-29,2026-01-07,Filled,37,17,5,1,1,39,Company Website
R500589,2,1010,2,2025-12-22,2026-01-09,Filled,28,11,4,1,1,18,LinkedIn
R500590,3,1016,2,2025-12-24,2026-01-17,Filled,72,37,9,1,1,24,Career Fair
R500591,3,1013,6,2025-12-04,2026-01-25,Filled,44,17,5,1,1,52,Company Website
R500592,3,1013,2,2025-11-26,2026-01-02,Filled,60,27,7,1,1,37,LinkedIn
R500593,3,1018,3,2025-11-29,2026-01-13,Filled,45,20,8,1,1,45,Job Board
R500594,3,1017,1,2025-12-21,2026-01-25,Filled,17,7,2,1,1,35,LinkedIn
R500595,4,1019,3,2025-11-24,2026-01-13,Filled,56,23,8,2,1,50,Career Fair
R500596,4,1020,2,2025-11-21,2026-01-14,Filled,30,15,6,1,1,54,Company Website
R500597,5,1024,1,2025-12-25,2026-01-17,Filled,61,30,7,2,1,23,Employee Referral
R500598,5,1026,5,2025-12-20,2026-01-22,Filled,32,11,3,1,1,33,Employee Referral
R500599,5,1024,3,2025-12-28,2026-01-25,Filled,85,30,12,3,1,28,Employee Referral
R500600,6,1032,5,2025-12-12,2026-01-26,Filled,71,34,14,4,1,45,Career Fair
R500601,7,1035,1,2025-12-31,2026-01-28,Filled,75,39,9,2,1,28,Employee Referral
R500602,9,1044,2,2025-11-27,2026-01-14,Filled,48,26,9,1,1,48,Job Board
R500603,10,1049,5,2025-12-18,2026-01-26,Filled,30,13,4,1,1,39,University Recruiting
R500604,1,1000,5,2026-01-11,2026-02-08,Filled,32,12,4,1,1,28,LinkedIn
R500605,1,1000,1,2026-01-03,2026-02-15,Filled,29,15,5,1,1,43,Career Fair
R500606,1,1000,2,2026-01-18,2026-02-10,Filled,45,19,5,1,1,23,Company Website
R500607,1,1006,4,2025-12-22,2026-02-10,Filled,68,33,14,2,1,50,Recruiting Agency
R500608,2,1008,5,2026-01-09,2026-02-04,Filled,73,29,8,2,1,26,Employee Referral
R500609,3,1013,2,2025-12-18,2026-02-20,Filled,63,27,11,3,1,64,Recruiting Agency
R500610,3,1014,2,2026-01-17,2026-02-23,Filled,53,26,10,2,1,37,Employee Referral
R500611,3,1013,5,2026-01-06,2026-02-05,Filled,8,4,1,1,1,30,Employee Referral
R500612,3,1013,1,2026-01-09,2026-02-03,Filled,77,35,15,3,1,25,Job Board
R500613,3,1013,1,2026-01-20,2026-02-25,Filled,63,22,9,2,1,36,Employee Referral
R500614,3,1015,6,2025-12-29,2026-02-04,Filled,8,3,0,1,1,37,University Recruiting
R500615,4,1023,4,2026-01-19,2026-02-12,Filled,51,20,8,2,1,24,Job Board
R500616,5,1024,2,2026-01-23,2026-02-26,Filled,43,22,8,2,1,34,Career Fair
R500617,7,1035,3,2026-01-11,2026-02-04,Filled,23,9,2,1,1,24,University Recruiting
R500618,2,1011,5,2026-02-10,2026-03-18,Filled,58,23,7,1,1,36,University Recruiting
R500619,2,1012,4,2026-02-21,2026-03-03,Filled,94,43,18,5,1,10,Employee Referral
R500620,3,1018,5,2026-02-09,2026-03-24,Filled,84,40,13,2,1,43,Employee Referral
R500621,3,1014,6,2026-02-06,2026-03-03,Filled,49,18,7,1,1,25,Career Fair
R500622,3,1016,2,2026-02-13,2026-03-07,Filled,111,42,15,2,1,22,Company Website
R500623,5,1024,3,2026-03-08,2026-03-23,Filled,28,13,4,1,1,15,Career Fair
R500624,5,1027,5,2026-02-14,2026-03-20,Filled,37,14,4,1,1,34,Company Website
R500625,9,1045,4,2026-03-05,2026-03-21,Filled,35,16,5,1,1,16,Employee Referral
R500626,1,1003,2,2026-03-30,2026-04-22,Filled,50,21,8,1,1,23,Job Board
R500627,3,1015,3,2026-03-02,2026-04-14,Filled,56,28,9,2,1,43,Recruiting Agency
R500628,3,1013,1,2026-02-25,2026-04-14,Filled,82,36,13,4,1,48,University Recruiting
R500629,10,1053,1,2026-04-02,2026-04-15,Filled,67,34,10,2,1,13,LinkedIn
R500630,1,1002,4,2026-04-07,2026-05-24,Filled,68,27,7,2,1,47,University Recruiting
R500631,3,1013,5,2026-03-28,2026-05-01,Filled,37,16,7,1,1,34,Career Fair
R500632,3,1016,5,2026-03-31,2026-05-17,Filled,33,16,6,1,1,47,Company Website
R500633,3,1018,2,2026-04-17,2026-05-15,Filled,64,30,9,2,1,28,Recruiting Agency
R500634,3,1013,3,2026-03-26,2026-05-07,Filled,34,15,5,1,1,42,Company Website
R500635,4,1019,1,2026-04-13,2026-05-14,Filled,63,28,10,3,1,31,Company Website
R500636,5,1024,1,2026-04-14,2026-05-16,Filled,8,3,1,1,1,32,Company Website
R500637,5,1025,1,2026-05-02,2026-05-28,Filled,75,31,10,2,1,26,Job Board
R500638,9,1044,4,2026-04-25,2026-05-21,Filled,8,2,0,1,1,26,LinkedIn
R500639,1,1003,6,2026-04-23,2026-06-25,Filled,90,34,14,2,1,63,LinkedIn
R500640,1,1002,1,2026-05-04,2026-06-07,Filled,49,25,7,1,1,34,Company Website
R500641,3,1014,3,2026-04-16,2026-06-15,Filled,68,30,12,3,1,60,LinkedIn
R500642,3,1014,1,2026-04-27,2026-06-08,Filled,53,25,9,2,1,42,Recruiting Agency
R500643,3,1015,4,2026-05-08,2026-06-13,Filled,45,22,5,1,1,36,LinkedIn
R500644,5,1025,2,2026-05-12,2026-06-03,Filled,28,11,4,1,1,22,LinkedIn
R500645,5,1026,1,2026-05-12,2026-06-20,Filled,32,14,4,1,1,39,Job Board
R500646,5,1024,2,2026-05-15,2026-06-15,Filled,79,28,10,3,1,31,Recruiting Agency
R500647,6,1031,4,2026-04-07,2026-06-05,Filled,40,15,5,1,1,59,LinkedIn
R500648,1,1000,4,2026-06-22,2026-07-25,Filled,53,19,8,1,1,33,Career Fair
R500649,1,1007,4,2026-05-26,2026-07-04,Filled,70,26,9,2,1,39,Employee Referral
R500650,3,1015,2,2026-06-09,2026-07-25,Filled,55,26,10,2,1,46,Employee Referral
R500651,3,1014,1,2026-06-18,2026-07-28,Filled,42,21,7,2,1,40,Recruiting Agency
R500652,4,1019,5,2026-06-18,2026-07-11,Filled,54,25,10,2,1,23,LinkedIn
R500653,5,1028,1,2026-05-25,2026-07-03,Filled,94,41,15,3,1,39,University Recruiting
R500654,5,1024,2,2026-06-11,2026-07-11,Filled,57,21,6,1,1,30,Career Fair
R500655,10,1049,1,2026-05-27,2026-07-08,Filled,74,36,14,2,1,42,Recruiting Agency
R500656,1,1007,4,2026-07-13,2026-08-11,Filled,30,11,4,1,1,29,LinkedIn
R500657,3,1018,1,2026-06-27,2026-08-18,Filled,28,15,5,1,1,52,Company Website
R500658,3,1016,2,2026-07-15,2026-08-09,Filled,15,5,2,1,1,25,Company Website
R500659,3,1013,4,2026-07-12,2026-08-06,Filled,47,20,5,1,1,25,Recruiting Agency
R500660,4,1022,4,2026-07-18,2026-08-17,Filled,38,17,5,1,1,30,Employee Referral
R500661,5,1025,6,2026-07-15,2026-08-08,Filled,50,21,5,1,1,24,Career Fair
R500662,5,1028,1,2026-07-30,2026-08-10,Filled,28,12,4,1,1,11,Company Website
R500663,5,1025,5,2026-07-27,2026-08-06,Filled,32,16,5,1,1,10,University Recruiting
R500664,8,1041,6,2026-07-02,2026-08-08,Filled,100,37,10,2,1,37,Career Fair
R500665,10,1052,2,2026-07-03,2026-08-07,Filled,107,40,16,4,1,35,Employee Referral
